from,to,round,deals,value
Australia (Else),Australia (Else),Seed,1,250000
California (US),Israel (Else),Series F,1,1666667
California (US),Singapore (Else),Series F,1,1666667
Israel (Else),Singapore (Else),Series F,1,1666667
Germany (EU),Massachusetts (US),Series C,4,51475561
Germany (EU),The Netherlands (EU),Series C,1,21428571
Germany (EU),United Kingdom (EU),Series C,3,54488823
Massachusetts (US),The Netherlands (EU),Series C,1,21428571
Massachusetts (US),United Kingdom (EU),Series C,8,95134336
The Netherlands (EU),United Kingdom (EU),Series C,1,21428571
Germany (EU),Germany (EU),Series C,2,19546294
Massachusetts (US),Massachusetts (US),Series C,17,150109392
United Kingdom (EU),United Kingdom (EU),Series C,5,50479984
Belgium (EU),California (US),Series B,4,41351816
Belgium (EU),United Kingdom (EU),Series B,2,19629887
California (US),United Kingdom (EU),Series B,15,186870363
California (US),California (US),Series C,80,1045477095
Belgium (EU),France (EU),Series Unknown,1,9361061
Belgium (EU),Spain (EU),Series Unknown,1,9361061
France (EU),Spain (EU),Series Unknown,1,9361061
Canada (Else),Canada (Else),Seed,1,2016717
California (US),Canada (Else),Series A,2,28511153
Canada (Else),Canada (Else),Series A,6,35160765
Canada (Else),Pennsylvania (US),Series A,1,800000
Canada (Else),Massachusetts (US),Series B,10,112563885
Canada (Else),United Kingdom (EU),Series B,1,32100000
Massachusetts (US),United Kingdom (EU),Series B,8,89313974
Canada (Else),Canada (Else),Series B,13,119770717
Canada (Else),New York (US),Series B,6,65925408
Canada (Else),France (EU),Series B,3,16502292
Arizona (US),Canada (Else),Series B,1,3000000
California (US),Canada (Else),Series C,3,36428571
California (US),Colorado (US),Series C,3,19471429
California (US),Nevada (US),Series C,1,3714286
Canada (Else),Colorado (US),Series C,2,12160714
Canada (Else),Nevada (US),Series C,1,7428571
Colorado (US),Nevada (US),Series C,1,5571429
Canada (Else),Canada (Else),Series C,4,35000000
Colorado (US),Colorado (US),Series C,3,10114286
Canada (Else),Massachusetts (US),Series C,4,54504762
Canada (Else),New York (US),Series C,2,33333333
Canada (Else),Texas (US),Series C,3,34576190
Massachusetts (US),New York (US),Series C,19,148504785
Massachusetts (US),Texas (US),Series C,6,57943810
New York (US),Texas (US),Series C,4,34903067
Canada (Else),Illinois (US),Series C,1,8142857
Illinois (US),Massachusetts (US),Series C,4,36898166
Illinois (US),Texas (US),Series C,1,5428571
California (US),Massachusetts (US),Series C,30,350326517
California (US),New York (US),Series C,35,607541029
California (US),Ohio (US),Series D,3,42721032
California (US),Washington (US),Series D,2,10088889
Ohio (US),Washington (US),Series D,1,1022222
California (US),California (US),Series D,39,434708991
Canada (Else),Massachusetts (US),Series Unknown,3,52933690
Canada (Else),Italy (EU),Series Unknown,1,3850000
Canada (Else),Sweden (EU),Series Unknown,1,3850000
Canada (Else),Switzerland (EU),Series Unknown,2,9125870
Canada (Else),The Netherlands (EU),Series Unknown,1,3850000
Italy (EU),Sweden (EU),Series Unknown,1,2566667
Italy (EU),Switzerland (EU),Series Unknown,1,2566667
Italy (EU),The Netherlands (EU),Series Unknown,1,2566667
Sweden (EU),Switzerland (EU),Series Unknown,1,2566667
Sweden (EU),The Netherlands (EU),Series Unknown,1,2566667
Switzerland (EU),The Netherlands (EU),Series Unknown,1,2566667
Canada (Else),Canada (Else),Series Unknown,6,38068611
Canada (Else),Florida (US),Series Unknown,1,13595844
California (US),Canada (Else),Series Unknown,5,28083010
California (US),New York (US),Series Unknown,24,244078622
Canada (Else),New York (US),Series Unknown,4,27305232
China (Else),China (Else),Angel,6,3697501
Hong Kong (Else),United Kingdom (EU),Series A,1,67000000
China (Else),China (Else),Series A,2,1708353
California (US),China (Else),Series A,2,37833333
California (US),Israel (Else),Series A,3,57333333
California (US),Japan (Else),Series A,3,45446970
California (US),New Jersey (US),Series A,5,71250000
China (Else),Israel (Else),Series A,1,11111111
China (Else),Japan (Else),Series A,1,11111111
China (Else),New Jersey (US),Series A,2,15111111
Israel (Else),Japan (Else),Series A,1,11111111
Israel (Else),New Jersey (US),Series A,1,11111111
Japan (Else),New Jersey (US),Series A,1,11111111
California (US),California (US),Series A,71,503489076
California (US),Singapore (Else),Series A,2,15225000
China (Else),Singapore (Else),Series A,1,3000000
China (Else),China (Else),Series B,1,2416704
China (Else),New Jersey (US),Series B,1,800000
California (US),Cayman Islands (Else),Series C,1,236250000
California (US),China (Else),Series C,1,315000000
California (US),Connecticut (US),Series C,9,332016667
California (US),Hong Kong (Else),Series C,2,242100000
California (US),Israel (Else),Series C,8,290813143
California (US),Singapore (Else),Series C,6,335022619
California (US),Taiwan (Else),Series C,6,321809524
Cayman Islands (Else),China (Else),Series C,1,157500000
Cayman Islands (Else),Connecticut (US),Series C,1,78750000
Cayman Islands (Else),Hong Kong (Else),Series C,1,78750000
Cayman Islands (Else),Israel (Else),Series C,1,78750000
Cayman Islands (Else),New York (US),Series C,1,78750000
Cayman Islands (Else),Singapore (Else),Series C,1,118125000
Cayman Islands (Else),Taiwan (Else),Series C,1,78750000
China (Else),Connecticut (US),Series C,1,157500000
China (Else),Hong Kong (Else),Series C,1,157500000
China (Else),Israel (Else),Series C,1,157500000
China (Else),New York (US),Series C,1,157500000
China (Else),Singapore (Else),Series C,1,196875000
China (Else),Taiwan (Else),Series C,1,157500000
Connecticut (US),Hong Kong (Else),Series C,1,78750000
Connecticut (US),Israel (Else),Series C,2,87750000
Connecticut (US),New York (US),Series C,5,114216667
Connecticut (US),Singapore (Else),Series C,1,118125000
Connecticut (US),Taiwan (Else),Series C,1,78750000
Hong Kong (Else),Israel (Else),Series C,1,78750000
Hong Kong (Else),New York (US),Series C,1,78750000
Hong Kong (Else),Singapore (Else),Series C,2,122025000
Hong Kong (Else),Taiwan (Else),Series C,1,78750000
Israel (Else),New York (US),Series C,4,97700000
Israel (Else),Singapore (Else),Series C,2,123467857
Israel (Else),Taiwan (Else),Series C,1,78750000
New York (US),Singapore (Else),Series C,5,163315476
New York (US),Taiwan (Else),Series C,3,90750000
Singapore (Else),Taiwan (Else),Series C,2,123610714
China (Else),China (Else),Series C,1,118125000
Singapore (Else),Singapore (Else),Series C,2,81492857
Georgia (US),New York (US),Series Unknown,2,20000000
California (US),Hong Kong (Else),Series Unknown,2,17800000
Brazil (Else),Japan (Else),Series Unknown,1,7900000
Denmark (EU),District of Columbia (US),Series B,1,4226667
Denmark (EU),United Kingdom (EU),Series B,1,4226667
District of Columbia (US),United Kingdom (EU),Series B,1,4226667
Denmark (EU),Sweden (EU),Series B,2,20000000
Denmark (EU),Denmark (EU),Series B,1,7500000
Sweden (EU),Sweden (EU),Series B,1,7500000
France (EU),France (EU),Seed,1,1468656
France (EU),France (EU),Series A,1,2144124
California (US),France (EU),Series B,7,63565552
France (EU),France (EU),Series B,4,30402006
Canada (Else),Texas (US),Series B,1,3241571
France (EU),Texas (US),Series B,1,3241571
France (EU),France (EU),Series C,3,30873173
District of Columbia (US),New York (US),Series D,1,12000000
Canada (Else),France (EU),Series Unknown,1,7913805
France (EU),Switzerland (EU),Series Unknown,1,7913805
France (EU),France (EU),Series Unknown,3,14895594
California (US),France (EU),Series Unknown,3,18559633
California (US),North Carolina (US),Series Unknown,3,14213150
France (EU),New York (US),Series Unknown,1,7759633
France (EU),North Carolina (US),Series Unknown,1,7759633
New York (US),North Carolina (US),Series Unknown,1,3879816
California (US),United Kingdom (EU),Series Unknown,7,111883817
North Carolina (US),United Kingdom (EU),Series Unknown,1,4133333
France (EU),Germany (EU),Series Unknown,2,16877906
France (EU),Illinois (US),Series Unknown,1,5700000
France (EU),Israel (Else),Series Unknown,1,5700000
France (EU),Minnesota (US),Series Unknown,1,5700000
France (EU),Singapore (Else),Series Unknown,1,5700000
Germany (EU),Illinois (US),Series Unknown,2,9800000
Germany (EU),Israel (Else),Series Unknown,1,3800000
Germany (EU),Minnesota (US),Series Unknown,1,3800000
Germany (EU),Singapore (Else),Series Unknown,1,3800000
Illinois (US),Israel (Else),Series Unknown,2,9300000
Illinois (US),Minnesota (US),Series Unknown,3,13514286
Illinois (US),Singapore (Else),Series Unknown,1,3800000
Israel (Else),Minnesota (US),Series Unknown,1,3800000
Israel (Else),Singapore (Else),Series Unknown,1,3800000
Minnesota (US),Singapore (Else),Series Unknown,1,3800000
Germany (EU),New York (US),Series A,3,15701134
Germany (EU),Texas (US),Series A,4,19197255
Germany (EU),Germany (EU),Series B,2,10050000
Germany (EU),Switzerland (EU),Series B,1,13162542
California (US),France (EU),Series C,7,90708868
California (US),United Kingdom (EU),Series C,6,59717202
France (EU),Massachusetts (US),Series C,4,62000803
France (EU),United Kingdom (EU),Series C,2,19983868
Belgium (EU),Bermuda (Else),Series C,1,6000000
Belgium (EU),California (US),Series C,3,22600000
Belgium (EU),Germany (EU),Series C,1,6000000
Belgium (EU),Massachusetts (US),Series C,1,6000000
Bermuda (Else),California (US),Series C,1,6000000
Bermuda (Else),Germany (EU),Series C,1,6000000
Bermuda (Else),Massachusetts (US),Series C,1,6000000
California (US),Germany (EU),Series C,4,17610714
France (EU),Massachusetts (US),Series Unknown,1,11177906
Germany (EU),Massachusetts (US),Series Unknown,2,26777906
Japan (Else),Japan (Else),Series Unknown,6,30788922
Massachusetts (US),New York (US),Series B,15,158191366
California (US),Connecticut (US),Series D,4,34723810
California (US),France (EU),Series D,6,37284874
California (US),Kansas (US),Series D,1,6000000
Connecticut (US),France (EU),Series D,1,4000000
Connecticut (US),Kansas (US),Series D,1,4000000
Connecticut (US),Washington (US),Series D,1,4000000
France (EU),Kansas (US),Series D,1,4000000
France (EU),Washington (US),Series D,1,4000000
Kansas (US),Washington (US),Series D,1,4000000
Ireland (EU),Ireland (EU),Series Unknown,1,3219022
Israel (Else),New York (US),Seed,2,3533333
Israel (Else),Pennsylvania (US),Seed,1,533333
Israel (Else),Singapore (Else),Seed,1,533333
New York (US),Pennsylvania (US),Seed,1,266667
New York (US),Singapore (Else),Seed,1,266667
Pennsylvania (US),Singapore (Else),Seed,1,266667
Israel (Else),Israel (Else),Seed,1,400000
Japan (Else),Luxembourg (EU),Series A,1,5000000
Israel (Else),Israel (Else),Series A,4,19266667
New York (US),New York (US),Series A,7,48972727
California (US),Israel (Else),Series B,4,33100000
California (US),Singapore (Else),Series B,2,11200000
Israel (Else),Singapore (Else),Series B,2,22862500
Israel (Else),United Kingdom (EU),Series B,3,27400000
Singapore (Else),United Kingdom (EU),Series B,1,6200000
Israel (Else),Israel (Else),Series B,6,44475000
California (US),Virginia (US),Series C,4,50833333
Israel (Else),Massachusetts (US),Series C,4,23500000
Israel (Else),Virginia (US),Series C,1,3750000
Massachusetts (US),Virginia (US),Series C,1,2500000
New York (US),Virginia (US),Series C,3,11000000
Israel (Else),Israel (Else),Series C,7,37898810
France (EU),Germany (EU),Series C,2,19591466
Israel (Else),Minnesota (US),Series C,2,24156000
Canada (Else),Israel (Else),Series D,1,4500000
Canada (Else),Washington (US),Series D,1,3000000
Israel (Else),Washington (US),Series D,1,4500000
Israel (Else),Israel (Else),Series D,3,13165278
Israel (Else),Singapore (Else),Series D,1,7300000
California (US),Israel (Else),Series Unknown,1,10000000
Israel (Else),Israel (Else),Series Unknown,3,22916667
California (US),Maryland (US),Series A,4,17864286
California (US),Ohio (US),Series A,2,12725000
California (US),Virginia (US),Series A,2,8200000
Maryland (US),Ohio (US),Series A,1,2000000
Maryland (US),Virginia (US),Series A,1,2000000
Ohio (US),Virginia (US),Series A,1,2000000
California (US),Massachusetts (US),Series B,48,610527021
California (US),The Netherlands (EU),Series B,2,33986368
Massachusetts (US),The Netherlands (EU),Series B,2,40898868
Japan (Else),Japan (Else),Pre Seed,1,40962
Japan (Else),Japan (Else),Seed,1,27717
California (US),Japan (Else),Seed,1,37276
California (US),Japan (Else),Series B,7,99911111
Japan (Else),Japan (Else),Series B,1,10833333
China (Else),Japan (Else),Series Unknown,1,812271
California (US),District of Columbia (US),Series B,7,37399424
California (US),Norway (EU),Series B,1,4224136
District of Columbia (US),Norway (EU),Series B,1,4224136
Norway (EU),Norway (EU),Series B,1,2816091
California (US),California (US),Series B,88,772953458
Singapore (Else),United Kingdom (EU),Series A,1,8000000
California (US),Switzerland (EU),Series B,4,38551667
California (US),Texas (US),Series B,12,148673810
Switzerland (EU),Texas (US),Series B,1,4166667
Spain (EU),Spain (EU),Series Unknown,1,1049803
France (EU),Sweden (EU),Series B,1,16800000
France (EU),United Kingdom (EU),Series B,1,16800000
Sweden (EU),United Kingdom (EU),Series B,1,8400000
Israel (Else),Massachusetts (US),Series Unknown,3,28000000
Israel (Else),Mississippi (US),Series Unknown,1,8333333
Massachusetts (US),Mississippi (US),Series Unknown,2,20833333
California (US),Sweden (EU),Series Unknown,1,3769358
Germany (EU),Switzerland (EU),Series A,1,7771429
Germany (EU),The Netherlands (EU),Series A,1,7771429
Switzerland (EU),Texas (US),Series A,1,5828571
Switzerland (EU),The Netherlands (EU),Series A,1,7771429
Texas (US),The Netherlands (EU),Series A,2,19328571
Germany (EU),Germany (EU),Series A,1,3885714
Switzerland (EU),Switzerland (EU),Series A,1,3885714
The Netherlands (EU),The Netherlands (EU),Series A,1,3885714
Bermuda (Else),California (US),Series B,1,7500000
California (US),Germany (EU),Series B,5,59278364
Illinois (US),Mississippi (US),Series C,2,9081023
Illinois (US),New York (US),Series C,4,56791023
Illinois (US),Norway (EU),Series C,1,2707690
Illinois (US),Switzerland (EU),Series C,1,5415379
Massachusetts (US),Mississippi (US),Series C,2,23332690
Massachusetts (US),Norway (EU),Series C,1,2707690
Massachusetts (US),Switzerland (EU),Series C,1,5415379
Mississippi (US),New York (US),Series C,1,2707690
Mississippi (US),Norway (EU),Series C,1,2707690
Mississippi (US),Switzerland (EU),Series C,1,5415379
New York (US),Norway (EU),Series C,1,2707690
New York (US),Switzerland (EU),Series C,2,11415379
Norway (EU),Switzerland (EU),Series C,1,5415379
Switzerland (EU),Switzerland (EU),Series C,2,10798121
France (EU),Switzerland (EU),Series C,1,20209760
France (EU),Virginia (US),Series C,1,16841466
Germany (EU),Switzerland (EU),Series C,1,10104880
Germany (EU),Virginia (US),Series C,1,6736586
Switzerland (EU),Virginia (US),Series C,1,10104880
California (US),Switzerland (EU),Series Unknown,2,10871429
Switzerland (EU),Switzerland (EU),Series Unknown,2,6810714
Belgium (EU),France (EU),Series B,1,5666512
Belgium (EU),Mississippi (US),Series B,2,15644876
Belgium (EU),The Netherlands (EU),Series B,1,5666512
France (EU),Mississippi (US),Series B,1,5666512
France (EU),The Netherlands (EU),Series B,1,5666512
Mississippi (US),The Netherlands (EU),Series B,1,5666512
United Kingdom (EU),United Kingdom (EU),Seed,2,2863778
Georgia (US),United Kingdom (EU),Seed,1,741698
Greece (EU),United Kingdom (EU),Series A,1,6003842
United Kingdom (EU),United Kingdom (EU),Series A,2,7649080
Texas (US),Texas (US),Series A,4,16304666
California (US),New York (US),Series A,13,106580455
California (US),Denmark (EU),Series A,1,5000000
New York (US),United Kingdom (EU),Series A,2,21563636
Belgium (EU),Germany (EU),Series B,1,9978364
Belgium (EU),Massachusetts (US),Series B,3,53167253
California (US),Mississippi (US),Series B,2,21978364
Germany (EU),Massachusetts (US),Series B,4,30978364
Germany (EU),Mississippi (US),Series B,1,9978364
Germany (EU),United Kingdom (EU),Series B,2,20538974
Massachusetts (US),Mississippi (US),Series B,1,9978364
Mississippi (US),United Kingdom (EU),Series B,1,14967546
United Kingdom (EU),United Kingdom (EU),Series B,6,40739475
Ireland (EU),United Kingdom (EU),Series B,1,12000000
Georgia (US),Massachusetts (US),Series B,2,15300000
Georgia (US),New York (US),Series B,1,7500000
Georgia (US),Pennsylvania (US),Series B,1,5000000
Massachusetts (US),Pennsylvania (US),Series B,4,30500000
New York (US),Pennsylvania (US),Series B,2,16300000
Massachusetts (US),Massachusetts (US),Series B,31,335806587
New York (US),New York (US),Series B,12,78493654
Ireland (EU),United Kingdom (EU),Series C,1,5000000
Ireland (EU),Ireland (EU),Series C,1,3333333
Canada (Else),Israel (Else),Series C,1,4312500
Canada (Else),Switzerland (EU),Series C,1,2875000
Canada (Else),United Kingdom (EU),Series C,1,5750000
Colorado (US),Israel (Else),Series C,1,4312500
Colorado (US),Switzerland (EU),Series C,1,2875000
Colorado (US),United Kingdom (EU),Series C,1,5750000
Israel (Else),Switzerland (EU),Series C,1,4312500
Israel (Else),United Kingdom (EU),Series C,2,13854167
Switzerland (EU),United Kingdom (EU),Series C,1,5750000
United Kingdom (EU),United Kingdom (EU),Series Unknown,5,65183174
Massachusetts (US),United Kingdom (EU),Series Unknown,2,14306728
California (US),California (US),Angel,1,600000
California (US),Canada (Else),Seed,1,7100000
California (US),California (US),Seed,2,8733333
California (US),Florida (US),Seed,1,1000000
California (US),Massachusetts (US),Seed,1,1000000
Florida (US),Massachusetts (US),Seed,1,1000000
Florida (US),Texas (US),Seed,1,1400000
France (EU),United Kingdom (EU),Series A,1,6000000
California (US),Switzerland (EU),Series A,2,6400000
California (US),Florida (US),Series A,4,27613636
Massachusetts (US),North Carolina (US),Series A,2,13000000
California (US),Massachusetts (US),Series A,28,221858332
California (US),United Kingdom (EU),Series A,3,26163636
California (US),Washington (US),Series A,3,28266667
Massachusetts (US),United Kingdom (EU),Series A,2,9466667
Massachusetts (US),Washington (US),Series A,2,11800000
United Kingdom (EU),Washington (US),Series A,1,8400000
California (US),Texas (US),Series A,6,53895999
Colorado (US),Colorado (US),Series A,2,11000000
Pennsylvania (US),Texas (US),Series A,1,8500000
Canada (Else),Florida (US),Series A,1,7378000
Massachusetts (US),Massachusetts (US),Series A,20,144482333
California (US),Minnesota (US),Series A,3,18726667
Japan (Else),Minnesota (US),Series A,1,2500000
California (US),Hawaii (US),Series A,2,6133333
California (US),Louisiana (US),Series A,1,2933333
Hawaii (US),Louisiana (US),Series A,1,2933333
Canada (Else),New York (US),Series A,1,31000000
Colorado (US),Massachusetts (US),Series A,2,6333333
Colorado (US),Minnesota (US),Series A,1,3000000
Massachusetts (US),Minnesota (US),Series A,1,3000000
New York (US),Pennsylvania (US),Series A,1,3000000
Pennsylvania (US),Pennsylvania (US),Series A,1,2000000
Florida (US),Massachusetts (US),Series A,1,10000000
Florida (US),Maryland (US),Series A,1,2150000
Florida (US),Switzerland (EU),Series A,1,2150000
Maryland (US),Switzerland (EU),Series A,1,2150000
Australia (Else),California (US),Series A,2,18306494
Australia (Else),Mississippi (US),Series A,1,4971429
California (US),Mississippi (US),Series A,1,8285714
Australia (Else),Australia (Else),Series A,1,3314286
Maryland (US),North Carolina (US),Series A,2,11785714
Australia (Else),Colorado (US),Series A,1,4181818
Australia (Else),Florida (US),Series A,1,4181818
Australia (Else),Japan (Else),Series A,1,4181818
Australia (Else),New York (US),Series A,1,8363636
Australia (Else),United Kingdom (EU),Series A,1,4181818
California (US),Colorado (US),Series A,6,35857684
Colorado (US),Florida (US),Series A,1,4181818
Colorado (US),Japan (Else),Series A,1,4181818
Colorado (US),New York (US),Series A,1,8363636
Colorado (US),United Kingdom (EU),Series A,1,4181818
Florida (US),Japan (Else),Series A,1,4181818
Florida (US),New York (US),Series A,1,8363636
Florida (US),United Kingdom (EU),Series A,1,4181818
Japan (Else),New York (US),Series A,2,9863636
Japan (Else),United Kingdom (EU),Series A,1,4181818
Delaware (US),Denmark (EU),Series A,1,3400000
Delaware (US),Minnesota (US),Series A,1,3400000
Delaware (US),New Jersey (US),Series A,1,3400000
Delaware (US),New York (US),Series A,1,5100000
Denmark (EU),Minnesota (US),Series A,1,3400000
Denmark (EU),New Jersey (US),Series A,1,3400000
Denmark (EU),New York (US),Series A,2,14600000
Minnesota (US),New Jersey (US),Series A,2,4066667
Minnesota (US),New York (US),Series A,1,5100000
New Jersey (US),New York (US),Series A,2,8900000
Bermuda (Else),California (US),Series A,1,6666667
Bermuda (Else),Georgia (US),Series A,1,3333333
Bermuda (Else),Germany (EU),Series A,1,3333333
Bermuda (Else),Massachusetts (US),Series A,1,5000000
Bermuda (Else),Nevada (US),Series A,1,3333333
Bermuda (Else),New York (US),Series A,1,6666667
California (US),Georgia (US),Series A,1,6666667
California (US),Germany (EU),Series A,1,6666667
California (US),Nevada (US),Series A,1,6666667
Georgia (US),Germany (EU),Series A,1,3333333
Georgia (US),Massachusetts (US),Series A,1,5000000
Georgia (US),Nevada (US),Series A,1,3333333
Georgia (US),New York (US),Series A,2,8066667
Germany (EU),Massachusetts (US),Series A,2,11200000
Germany (EU),Nevada (US),Series A,1,3333333
Massachusetts (US),Nevada (US),Series A,1,5000000
Massachusetts (US),New York (US),Series A,5,60693333
Nevada (US),New York (US),Series A,1,6666667
California (US),Oklahoma (US),Series A,1,20000000
Israel (Else),Massachusetts (US),Series A,2,16000000
Israel (Else),Oklahoma (US),Series A,1,10000000
Massachusetts (US),Oklahoma (US),Series A,1,10000000
Florida (US),Georgia (US),Series A,1,1666667
Florida (US),North Carolina (US),Series A,1,1666667
Georgia (US),North Carolina (US),Series A,2,8666667
Georgia (US),Tennessee (US),Series A,1,2100000
California (US),The Netherlands (EU),Series A,1,13500000
Canada (Else),Texas (US),Series A,2,17633333
Canada (Else),The Netherlands (EU),Series A,1,13500000
California (US),West Virginia (US),Series A,1,7500000
Georgia (US),Ohio (US),Series A,1,3500000
Ohio (US),Ohio (US),Series A,2,4458333
Arizona (US),California (US),Series A,4,20733333
Arizona (US),Massachusetts (US),Series A,3,9249333
Denmark (EU),Massachusetts (US),Series A,1,14250000
California (US),District of Columbia (US),Series A,3,17285714
California (US),North Carolina (US),Series A,3,30785714
Colorado (US),District of Columbia (US),Series A,1,4857143
Colorado (US),Maryland (US),Series A,1,7285714
Colorado (US),North Carolina (US),Series A,1,4857143
District of Columbia (US),Maryland (US),Series A,1,7285714
District of Columbia (US),North Carolina (US),Series A,1,4857143
Maryland (US),Maryland (US),Series A,2,16323810
Connecticut (US),Massachusetts (US),Series A,2,23166667
Connecticut (US),New York (US),Series A,1,16666667
California (US),Indiana (US),Series A,1,7400000
Arizona (US),Idaho (US),Series A,1,2880000
Idaho (US),Massachusetts (US),Series A,1,5760000
Canada (Else),Massachusetts (US),Series A,3,25833333
Maine (US),North Carolina (US),Series A,1,1500000
Germany (EU),Oklahoma (US),Series A,1,2250000
Oklahoma (US),Texas (US),Series A,1,3375000
Massachusetts (US),Virginia (US),Series A,4,15866667
California (US),Illinois (US),Series A,3,18000000
Illinois (US),Illinois (US),Series A,1,1333333
Indiana (US),Ohio (US),Series A,1,2750000
Indiana (US),Indiana (US),Series A,1,18000000
Virginia (US),Virginia (US),Series A,1,5000000
Ohio (US),Singapore (Else),Series A,1,7150000
California (US),Connecticut (US),Series A,2,9000000
California (US),Pennsylvania (US),Series A,3,14795000
California (US),Sweden (EU),Series A,2,17750000
Connecticut (US),New Jersey (US),Series A,1,9750000
Connecticut (US),North Carolina (US),Series A,1,6500000
Connecticut (US),Pennsylvania (US),Series A,1,6500000
Connecticut (US),Sweden (EU),Series A,1,6500000
Massachusetts (US),New Jersey (US),Series A,2,19750000
Massachusetts (US),Pennsylvania (US),Series A,1,6500000
Massachusetts (US),Sweden (EU),Series A,1,6500000
New Jersey (US),North Carolina (US),Series A,1,9750000
New Jersey (US),Pennsylvania (US),Series A,1,9750000
New Jersey (US),Sweden (EU),Series A,1,9750000
North Carolina (US),Pennsylvania (US),Series A,1,6500000
North Carolina (US),Sweden (EU),Series A,1,6500000
Pennsylvania (US),Sweden (EU),Series A,1,6500000
New Jersey (US),New Jersey (US),Series A,2,10500000
Maryland (US),Texas (US),Series A,1,7800000
Florida (US),Illinois (US),Series A,1,4000000
District of Columbia (US),Illinois (US),Series A,1,2500000
District of Columbia (US),Massachusetts (US),Series A,1,2500000
Illinois (US),Massachusetts (US),Series A,1,2500000
California (US),France (EU),Series A,2,5466667
France (EU),New York (US),Series A,1,2666667
Maryland (US),Massachusetts (US),Series A,2,21200000
Connecticut (US),Texas (US),Series A,1,5000000
California (US),Oregon (US),Series A,1,1666667
Oregon (US),Washington (US),Series A,2,9566667
France (EU),Massachusetts (US),Series A,1,2800000
Massachusetts (US),West Virginia (US),Series A,1,3500000
Germany (EU),Virginia (US),Series A,1,6200000
Hawaii (US),Hawaii (US),Series A,1,2133333
India (Else),Virginia (US),Series A,1,4400000
United Kingdom (EU),Virginia (US),Series A,1,1066667
New York (US),Sweden (EU),Series A,1,7500000
California (US),India (Else),Series A,1,6000000
Colorado (US),Pennsylvania (US),Series A,1,2350000
Ireland (EU),Massachusetts (US),Series A,1,2670000
Massachusetts (US),Texas (US),Series A,3,16983333
California (US),Utah (US),Series A,2,12000000
Virginia (US),Washington (US),Series A,1,3400000
Israel (Else),New York (US),Series A,1,3000000
Maryland (US),New York (US),Series A,1,1050000
California (US),Illinois (US),Series B,8,101090385
California (US),Nevada (US),Series B,1,14615385
California (US),New Jersey (US),Series B,8,87382051
California (US),New York (US),Series B,31,316309970
California (US),Taiwan (Else),Series B,5,67849237
Illinois (US),Massachusetts (US),Series B,8,89116154
Illinois (US),Nevada (US),Series B,1,5846154
Illinois (US),New Jersey (US),Series B,1,5846154
Illinois (US),New York (US),Series B,3,26769231
Illinois (US),Taiwan (Else),Series B,1,11692308
Massachusetts (US),Nevada (US),Series B,1,5846154
Massachusetts (US),New Jersey (US),Series B,8,107529487
Massachusetts (US),Taiwan (Else),Series B,5,47758181
Nevada (US),New Jersey (US),Series B,1,5846154
Nevada (US),New York (US),Series B,1,8769231
Nevada (US),Taiwan (Else),Series B,1,11692308
New Jersey (US),New York (US),Series B,5,42202564
New Jersey (US),Taiwan (Else),Series B,1,11692308
New York (US),Taiwan (Else),Series B,2,21059829
Taiwan (Else),Taiwan (Else),Series B,1,8769231
California (US),Connecticut (US),Series B,5,37589333
California (US),Virginia (US),Series B,7,69111111
Connecticut (US),New Jersey (US),Series B,3,14333333
Connecticut (US),New York (US),Series B,3,11013333
Connecticut (US),Virginia (US),Series B,1,2333333
New Jersey (US),Virginia (US),Series B,1,2333333
New York (US),Virginia (US),Series B,2,12333333
France (EU),Massachusetts (US),Series B,2,12400000
California (US),Michigan (US),Series B,3,15177778
California (US),Utah (US),Series B,3,16011111
Michigan (US),United Kingdom (EU),Series B,1,4666667
Michigan (US),Utah (US),Series B,1,3111111
Michigan (US),Virginia (US),Series B,1,3111111
United Kingdom (EU),Utah (US),Series B,2,10666667
United Kingdom (EU),Virginia (US),Series B,2,10238095
Utah (US),Virginia (US),Series B,1,3111111
Texas (US),United Kingdom (EU),Series B,1,6700000
California (US),Washington (US),Series B,6,55950000
United Kingdom (EU),Washington (US),Series B,2,7125000
Missouri (US),United Kingdom (EU),Series B,1,962000
Massachusetts (US),Washington (US),Series B,3,11450000
New York (US),The Netherlands (EU),Series B,1,34562500
The Netherlands (EU),The Netherlands (EU),Series B,1,13825000
California (US),Maryland (US),Series B,4,54516667
Maryland (US),New York (US),Series B,3,32100000
Alabama (US),Massachusetts (US),Series B,1,2000000
California (US),Minnesota (US),Series B,4,43135000
Germany (EU),Minnesota (US),Series B,1,15000000
Illinois (US),Texas (US),Series B,2,7880000
Massachusetts (US),Texas (US),Series B,4,45362857
California (US),Colorado (US),Series B,2,11833333
California (US),South Korea (Else),Series B,1,9600000
Colorado (US),South Korea (Else),Series B,1,4800000
Belgium (EU),Japan (Else),Series B,2,16155556
Japan (Else),Massachusetts (US),Series B,4,57522222
California (US),Canada (Else),Series B,9,114626857
Maryland (US),Massachusetts (US),Series B,5,70133333
Maryland (US),New Jersey (US),Series B,2,36266667
Massachusetts (US),Minnesota (US),Series B,6,63168333
Minnesota (US),Pennsylvania (US),Series B,1,3600000
New York (US),United Kingdom (EU),Series B,3,18320000
California (US),Florida (US),Series B,6,40829333
Connecticut (US),Florida (US),Series B,1,5129333
New York (US),Texas (US),Series B,3,22771429
Massachusetts (US),Switzerland (EU),Series B,2,12135000
Minnesota (US),Switzerland (EU),Series B,1,4135000
Illinois (US),United Kingdom (EU),Series B,1,10000000
Michigan (US),Ohio (US),Series B,1,9000000
Ohio (US),Ohio (US),Series B,1,6000000
Connecticut (US),Indiana (US),Series B,1,5600000
Connecticut (US),Massachusetts (US),Series B,5,40800000
Connecticut (US),Michigan (US),Series B,1,5600000
Indiana (US),Massachusetts (US),Series B,1,5600000
Indiana (US),Michigan (US),Series B,1,5600000
Indiana (US),New Jersey (US),Series B,1,5600000
Massachusetts (US),Michigan (US),Series B,2,9750000
Michigan (US),New Jersey (US),Series B,1,5600000
Michigan (US),New York (US),Series B,1,4875000
District of Columbia (US),New York (US),Series B,1,4500000
Colorado (US),Utah (US),Series B,1,2233333
Florida (US),Georgia (US),Series B,1,7800000
Florida (US),Maryland (US),Series B,1,5200000
Florida (US),Massachusetts (US),Series B,3,20200000
Georgia (US),Maryland (US),Series B,1,7800000
Georgia (US),Georgia (US),Series B,2,9866667
Germany (EU),Taiwan (Else),Series B,1,5571429
Germany (EU),Virginia (US),Series B,2,9000000
Massachusetts (US),Virginia (US),Series B,5,40000000
Taiwan (Else),United Kingdom (EU),Series B,1,5571429
Taiwan (Else),Virginia (US),Series B,1,5571429
New Jersey (US),United Kingdom (EU),Series B,2,12500000
District of Columbia (US),Massachusetts (US),Series B,4,18650000
Texas (US),Texas (US),Series B,2,16833333
Florida (US),United Kingdom (EU),Series B,3,18000000
Illinois (US),Wisconsin (US),Series B,1,2880000
Massachusetts (US),Wisconsin (US),Series B,1,4320000
Texas (US),Wisconsin (US),Series B,1,2880000
California (US),Finland (EU),Series B,1,5333333
Finland (EU),New York (US),Series B,1,5333333
California (US),India (Else),Series B,1,5000000
Canada (Else),Ohio (US),Series B,1,8800000
Canada (Else),Pennsylvania (US),Series B,2,13466667
Massachusetts (US),Ohio (US),Series B,3,24000000
New York (US),Ohio (US),Series B,2,14200000
Ohio (US),Pennsylvania (US),Series B,1,8800000
Massachusetts (US),Singapore (Else),Series B,1,7500000
India (Else),North Carolina (US),Series B,1,7840000
India (Else),Virginia (US),Series B,1,3920000
North Carolina (US),Virginia (US),Series B,2,12715000
North Carolina (US),North Carolina (US),Series B,2,17480000
Bahrain (Else),California (US),Series B,1,6666667
Bahrain (Else),Massachusetts (US),Series B,1,6666667
Bahrain (Else),New York (US),Series B,1,6666667
Bahrain (Else),Virginia (US),Series B,1,10000000
Virginia (US),Virginia (US),Series B,1,6666667
Minnesota (US),New York (US),Series B,1,4200000
Australia (Else),California (US),Series B,1,2500000
Australia (Else),Denmark (EU),Series B,1,2500000
Australia (Else),Tennessee (US),Series B,1,2500000
California (US),Denmark (EU),Series B,1,2500000
California (US),Tennessee (US),Series B,2,8033333
Denmark (EU),Tennessee (US),Series B,1,2500000
Minnesota (US),Missouri (US),Series B,1,2500000
Canada (Else),New Jersey (US),Series B,1,13500000
Israel (Else),West Virginia (US),Series B,1,13562500
Singapore (Else),West Virginia (US),Series B,1,3875000
Connecticut (US),Illinois (US),Series B,2,7680000
Connecticut (US),Uruguay (Else),Series B,1,3680000
Illinois (US),Uruguay (Else),Series B,1,3680000
Belgium (EU),Canada (Else),Series B,1,8400000
Belgium (EU),Taiwan (Else),Series B,1,5600000
Canada (Else),Japan (Else),Series B,1,8400000
Canada (Else),Taiwan (Else),Series B,1,8400000
Japan (Else),Taiwan (Else),Series B,1,5600000
Colorado (US),Colorado (US),Series B,2,33250000
Illinois (US),Minnesota (US),Series B,1,6500000
California (US),Kentucky (US),Series B,1,5000000
Kentucky (US),Ohio (US),Series B,1,3000000
California (US),North Carolina (US),Series B,2,17000000
Brazil (Else),Connecticut (US),Series B,1,2200000
Brazil (Else),Massachusetts (US),Series B,1,2200000
California (US),Russian Federation (Else),Series B,1,2000000
Florida (US),New Jersey (US),Series B,1,2000000
Florida (US),New York (US),Series B,2,6333333
Florida (US),Russian Federation (Else),Series B,1,2000000
New Jersey (US),Russian Federation (Else),Series B,1,2000000
New York (US),Russian Federation (Else),Series B,1,3000000
Russian Federation (Else),United Kingdom (EU),Series B,1,3000000
Australia (Else),Canada (Else),Series B,1,4666667
Australia (Else),District of Columbia (US),Series B,1,4666667
Australia (Else),Massachusetts (US),Series B,1,7000000
Australia (Else),Pennsylvania (US),Series B,1,4666667
Canada (Else),District of Columbia (US),Series B,1,4666667
District of Columbia (US),Pennsylvania (US),Series B,1,4666667
Colorado (US),New York (US),Series B,1,4000000
Colorado (US),Washington (US),Series B,2,5000000
New York (US),Washington (US),Series B,3,48019000
Florida (US),Tennessee (US),Series B,1,3333333
New York (US),Tennessee (US),Series B,1,3333333
District of Columbia (US),Tennessee (US),Series B,1,5533333
Minnesota (US),Minnesota (US),Series B,1,6666667
Australia (Else),Connecticut (US),Series B,1,4000000
Australia (Else),Germany (EU),Series B,1,4000000
Australia (Else),Illinois (US),Series B,1,4000000
Australia (Else),Singapore (Else),Series B,1,4000000
Connecticut (US),Germany (EU),Series B,1,4000000
Connecticut (US),Singapore (Else),Series B,1,4000000
Germany (EU),Illinois (US),Series B,1,4000000
Germany (EU),Singapore (Else),Series B,1,4000000
Illinois (US),Singapore (Else),Series B,1,4000000
Illinois (US),West Virginia (US),Series B,1,8000000
Massachusetts (US),West Virginia (US),Series B,1,8000000
California (US),Hong Kong (Else),Series B,1,14333333
Hong Kong (Else),Texas (US),Series B,1,7166667
Hong Kong (Else),Virginia (US),Series B,1,7166667
Texas (US),Virginia (US),Series B,1,7166667
District of Columbia (US),Michigan (US),Series B,1,4150000
Connecticut (US),District of Columbia (US),Series B,1,26500000
California (US),Ohio (US),Series B,3,31200000
Florida (US),Japan (Else),Series B,2,12000000
Florida (US),Ohio (US),Series B,2,12000000
Florida (US),Switzerland (EU),Series B,2,12000000
Japan (Else),Ohio (US),Series B,2,12000000
Japan (Else),Switzerland (EU),Series B,2,12000000
Japan (Else),United Kingdom (EU),Series B,1,8000000
Ohio (US),Switzerland (EU),Series B,2,12000000
Ohio (US),United Kingdom (EU),Series B,1,8000000
Switzerland (EU),United Kingdom (EU),Series B,1,8000000
California (US),Pennsylvania (US),Series B,2,23000000
Illinois (US),Ohio (US),Series B,2,8200000
Illinois (US),Washington (US),Series B,1,7200000
Ohio (US),Washington (US),Series B,1,7200000
District of Columbia (US),Florida (US),Series B,1,7900000
District of Columbia (US),North Carolina (US),Series B,1,7900000
Florida (US),North Carolina (US),Series B,1,7900000
Georgia (US),Texas (US),Series B,1,7000000
California (US),Idaho (US),Series B,1,5142857
Canada (Else),Germany (EU),Series B,1,3428571
Canada (Else),Idaho (US),Series B,1,3428571
Canada (Else),Virginia (US),Series B,1,3428571
Germany (EU),Idaho (US),Series B,1,3428571
Idaho (US),Massachusetts (US),Series B,1,3428571
Idaho (US),Virginia (US),Series B,1,3428571
Illinois (US),Japan (Else),Series B,1,15000000
Japan (Else),New York (US),Series B,2,21333333
California (US),Georgia (US),Series B,1,3000000
Colorado (US),France (EU),Series B,1,1000000
Colorado (US),Japan (Else),Series B,1,1000000
France (EU),Japan (Else),Series B,1,1000000
France (EU),Washington (US),Series B,1,1000000
Japan (Else),Washington (US),Series B,1,1000000
France (EU),New Jersey (US),Series B,1,10500000
France (EU),New York (US),Series B,2,10533333
New Jersey (US),New Jersey (US),Series B,1,7000000
Denmark (EU),New York (US),Series B,1,32000000
Denmark (EU),Washington (US),Series B,1,16000000
Colorado (US),North Carolina (US),Series B,1,17400000
Israel (Else),Massachusetts (US),Series B,2,19333333
Israel (Else),Minnesota (US),Series B,1,9333333
New York (US),South Korea (Else),Series B,1,10000000
France (EU),Virginia (US),Series B,1,10000000
Pennsylvania (US),Pennsylvania (US),Series B,1,11800000
Belgium (EU),New Jersey (US),Series C,1,7000000
Belgium (EU),New York (US),Series C,1,7000000
Belgium (EU),Tennessee (US),Series C,1,7000000
Belgium (EU),The Netherlands (EU),Series C,1,7000000
California (US),New Jersey (US),Series C,6,91083333
California (US),Tennessee (US),Series C,2,13000000
California (US),The Netherlands (EU),Series C,2,17285714
New Jersey (US),New York (US),Series C,7,65366667
New Jersey (US),Tennessee (US),Series C,1,7000000
New Jersey (US),The Netherlands (EU),Series C,1,7000000
New York (US),Tennessee (US),Series C,1,7000000
New York (US),The Netherlands (EU),Series C,2,12142857
Tennessee (US),The Netherlands (EU),Series C,1,7000000
Connecticut (US),Massachusetts (US),Series C,5,39000000
Connecticut (US),New Jersey (US),Series C,2,23200000
Massachusetts (US),New Jersey (US),Series C,5,30366667
New York (US),New York (US),Series C,8,58290476
California (US),Florida (US),Series C,7,49545714
California (US),Texas (US),Series C,16,163844733
California (US),Washington (US),Series C,8,104891667
Florida (US),Massachusetts (US),Series C,3,8850000
Florida (US),New Jersey (US),Series C,1,3000000
Florida (US),Texas (US),Series C,1,6000000
Florida (US),United Kingdom (EU),Series C,1,3000000
Florida (US),Washington (US),Series C,1,3000000
Massachusetts (US),Washington (US),Series C,6,52375000
New Jersey (US),Texas (US),Series C,1,6000000
New Jersey (US),United Kingdom (EU),Series C,1,3000000
New Jersey (US),Washington (US),Series C,1,3000000
Texas (US),United Kingdom (EU),Series C,2,13500000
Texas (US),Washington (US),Series C,2,19333333
United Kingdom (EU),Washington (US),Series C,1,3000000
Texas (US),Texas (US),Series C,10,77257600
Israel (Else),North Carolina (US),Series C,1,6666667
North Carolina (US),United Kingdom (EU),Series C,1,6666667
New York (US),United Kingdom (EU),Series C,1,12500000
Australia (Else),Colorado (US),Series C,1,2100000
Australia (Else),Louisiana (US),Series C,1,1400000
Australia (Else),Texas (US),Series C,1,1400000
Colorado (US),Louisiana (US),Series C,1,2100000
Colorado (US),Texas (US),Series C,1,2100000
Louisiana (US),Texas (US),Series C,1,1400000
California (US),Minnesota (US),Series C,4,35193714
Minnesota (US),Minnesota (US),Series C,1,6104000
Connecticut (US),Texas (US),Series C,1,7200000
California (US),Ohio (US),Series C,6,26480571
Colorado (US),New York (US),Series C,2,10100000
Colorado (US),Ohio (US),Series C,1,2600000
New York (US),Ohio (US),Series C,4,10170286
Arkansas (US),Massachusetts (US),Series C,1,5000000
Arkansas (US),New York (US),Series C,1,5000000
Arkansas (US),Pennsylvania (US),Series C,1,10000000
Massachusetts (US),Pennsylvania (US),Series C,5,37200000
New York (US),Pennsylvania (US),Series C,6,53833333
Pennsylvania (US),Pennsylvania (US),Series C,2,10166667
California (US),Maryland (US),Series C,3,57950000
Connecticut (US),Maryland (US),Series C,1,2800000
Maryland (US),Massachusetts (US),Series C,3,29833333
Germany (EU),Japan (Else),Series C,1,4000000
Germany (EU),New York (US),Series C,2,9485714
Japan (Else),New York (US),Series C,4,44142857
California (US),Pennsylvania (US),Series C,8,100627500
Connecticut (US),Pennsylvania (US),Series C,2,32200000
California (US),Louisiana (US),Series C,2,10840000
Florida (US),Louisiana (US),Series C,2,13260000
Florida (US),Ohio (US),Series C,1,7260000
Louisiana (US),Ohio (US),Series C,1,4840000
Florida (US),Florida (US),Series C,2,6240000
Indiana (US),Massachusetts (US),Series C,3,29666667
Indiana (US),New York (US),Series C,2,17666667
New York (US),Washington (US),Series C,2,23333333
California (US),Indiana (US),Series C,3,45583333
California (US),Japan (Else),Series C,6,72642857
Indiana (US),Japan (Else),Series C,1,7500000
Indiana (US),United Kingdom (EU),Series C,1,7500000
Japan (Else),United Kingdom (EU),Series C,1,7500000
Australia (Else),Maryland (US),Series C,1,11000000
Australia (Else),Australia (Else),Series C,1,8250000
Japan (Else),Taiwan (Else),Series C,1,5142857
Japan (Else),The Netherlands (EU),Series C,1,5142857
Taiwan (Else),The Netherlands (EU),Series C,1,5142857
California (US),Mississippi (US),Series C,3,50413333
Connecticut (US),Mississippi (US),Series C,1,4066667
California (US),Illinois (US),Series C,4,44080000
Illinois (US),Pennsylvania (US),Series C,1,6373333
Mississippi (US),Pennsylvania (US),Series C,1,6373333
France (EU),Mississippi (US),Series C,1,13750000
France (EU),Washington (US),Series C,1,13750000
Mississippi (US),Washington (US),Series C,1,13750000
California (US),Kentucky (US),Series C,1,19200000
California (US),Switzerland (EU),Series C,3,64950000
Kentucky (US),Switzerland (EU),Series C,1,4800000
Kentucky (US),Texas (US),Series C,1,4800000
Switzerland (EU),Texas (US),Series C,1,4800000
Japan (Else),Massachusetts (US),Series C,1,15000000
Japan (Else),Singapore (Else),Series C,2,20342857
Massachusetts (US),Singapore (Else),Series C,3,28333333
Japan (Else),Japan (Else),Series C,1,10000000
Kentucky (US),Massachusetts (US),Series C,1,1200000
Kentucky (US),Michigan (US),Series C,1,1800000
Kentucky (US),Ohio (US),Series C,1,1200000
Massachusetts (US),Michigan (US),Series C,1,1800000
Massachusetts (US),Ohio (US),Series C,3,7080429
Michigan (US),Ohio (US),Series C,1,1800000
Michigan (US),Michigan (US),Series C,1,1200000
Germany (EU),Israel (Else),Series C,1,4000000
Maryland (US),New Jersey (US),Series C,2,15900000
Maryland (US),New York (US),Series C,1,2400000
Maryland (US),Ohio (US),Series C,1,2400000
Maryland (US),Pennsylvania (US),Series C,1,2400000
New Jersey (US),Ohio (US),Series C,1,2400000
New Jersey (US),Pennsylvania (US),Series C,3,27400000
Ohio (US),Pennsylvania (US),Series C,1,2400000
California (US),Vermont (US),Series C,1,3907600
New York (US),Vermont (US),Series C,1,3907600
Texas (US),Vermont (US),Series C,1,5861400
Alabama (US),California (US),Series C,1,5000000
Alabama (US),New York (US),Series C,1,5000000
Alabama (US),Texas (US),Series C,1,7500000
Hong Kong (Else),Texas (US),Series C,1,5850000
Singapore (Else),Texas (US),Series C,1,5850000
Bahrain (Else),California (US),Series C,2,24473214
Bahrain (Else),Florida (US),Series C,1,2742857
Bahrain (Else),Germany (EU),Series C,1,2742857
Bahrain (Else),Minnesota (US),Series C,1,2742857
Bahrain (Else),New York (US),Series C,1,5485714
Bahrain (Else),Singapore (Else),Series C,1,4114286
Bahrain (Else),Taiwan (Else),Series C,1,4114286
Florida (US),Germany (EU),Series C,1,2742857
Florida (US),Minnesota (US),Series C,1,2742857
Florida (US),New York (US),Series C,2,10885714
Florida (US),Singapore (Else),Series C,1,4114286
Florida (US),Taiwan (Else),Series C,1,4114286
Germany (EU),Minnesota (US),Series C,1,2742857
Germany (EU),Singapore (Else),Series C,1,4114286
Germany (EU),Taiwan (Else),Series C,1,4114286
Minnesota (US),New York (US),Series C,2,10485714
Minnesota (US),Singapore (Else),Series C,1,4114286
Minnesota (US),Taiwan (Else),Series C,1,4114286
Taiwan (Else),Taiwan (Else),Series C,1,2742857
California (US),Wisconsin (US),Series C,1,5357143
New York (US),Wisconsin (US),Series C,1,3214286
Massachusetts (US),Taiwan (Else),Series C,1,11000000
Singapore (Else),Washington (US),Series C,1,10000000
Australia (Else),California (US),Series C,1,5333333
Australia (Else),United Kingdom (EU),Series C,1,5333333
Japan (Else),Texas (US),Series C,2,34200000
France (EU),New York (US),Series C,1,10000000
Ohio (US),Ohio (US),Series C,1,1000000
Delaware (US),Massachusetts (US),Series C,2,7500000
Delaware (US),New Jersey (US),Series C,1,5000000
Delaware (US),Pennsylvania (US),Series C,1,5000000
Bahrain (Else),Pennsylvania (US),Series C,1,5425000
Florida (US),Georgia (US),Series C,1,3750000
Florida (US),Nevada (US),Series C,1,3750000
Georgia (US),Massachusetts (US),Series C,1,3750000
Georgia (US),Nevada (US),Series C,1,3750000
Massachusetts (US),Nevada (US),Series C,1,3750000
Colorado (US),Illinois (US),Series C,1,7500000
Colorado (US),Massachusetts (US),Series C,1,7500000
Colorado (US),Minnesota (US),Series C,1,7500000
Illinois (US),Minnesota (US),Series C,1,5000000
Massachusetts (US),Minnesota (US),Series C,2,15000000
New Jersey (US),Singapore (Else),Series C,1,12500000
New Jersey (US),New Jersey (US),Series C,1,8333333
Israel (Else),Japan (Else),Series C,1,5342857
California (US),Georgia (US),Series C,2,6699000
Georgia (US),Ohio (US),Series C,1,2250000
Georgia (US),Texas (US),Series C,1,2250000
Ohio (US),Texas (US),Series C,1,2250000
Maryland (US),Switzerland (EU),Series C,1,13500000
Maryland (US),Taiwan (Else),Series C,1,13500000
New Jersey (US),Switzerland (EU),Series C,1,13500000
New Jersey (US),Taiwan (Else),Series C,1,13500000
Switzerland (EU),Taiwan (Else),Series C,1,13500000
Australia (Else),Canada (Else),Series C,1,7600000
Australia (Else),District of Columbia (US),Series C,1,7600000
Australia (Else),Massachusetts (US),Series C,1,7600000
Australia (Else),Pennsylvania (US),Series C,2,8900000
Canada (Else),District of Columbia (US),Series C,1,7600000
Canada (Else),Pennsylvania (US),Series C,1,7600000
District of Columbia (US),Massachusetts (US),Series C,2,20933333
District of Columbia (US),Pennsylvania (US),Series C,1,7600000
Alabama (US),Canada (Else),Series C,1,3000000
Alabama (US),Ohio (US),Series C,1,3000000
Alabama (US),Tennessee (US),Series C,1,3000000
Canada (Else),Ohio (US),Series C,1,3000000
Canada (Else),Tennessee (US),Series C,1,3000000
Ohio (US),Tennessee (US),Series C,1,3000000
Belgium (EU),Florida (US),Series C,1,6400000
Belgium (EU),France (EU),Series C,1,6400000
Florida (US),France (EU),Series C,1,6400000
Washington (US),Washington (US),Series C,1,12000000
California (US),Denmark (EU),Series C,1,13333333
California (US),Missouri (US),Series C,1,13333333
Denmark (EU),Indiana (US),Series C,1,6666667
Denmark (EU),Massachusetts (US),Series C,1,6666667
Denmark (EU),Missouri (US),Series C,1,6666667
Denmark (EU),New Jersey (US),Series C,1,6666667
Denmark (EU),New York (US),Series C,1,6666667
Indiana (US),Missouri (US),Series C,1,6666667
Indiana (US),New Jersey (US),Series C,1,6666667
Massachusetts (US),Missouri (US),Series C,1,6666667
Missouri (US),New Jersey (US),Series C,2,18666667
Missouri (US),New York (US),Series C,2,18666667
California (US),Utah (US),Series C,1,3000000
Utah (US),Utah (US),Series C,1,2000000
Florida (US),Pennsylvania (US),Series C,1,4000000
Pennsylvania (US),Virginia (US),Series C,1,3000000
Pennsylvania (US),Washington (US),Series C,2,14600000
Massachusetts (US),South Korea (Else),Series C,1,23000000
Colorado (US),India (Else),Series C,1,3333333
Colorado (US),Peru (Else),Series C,1,3333333
India (Else),Peru (Else),Series C,1,3333333
Florida (US),Tennessee (US),Series C,1,6000000
Louisiana (US),Tennessee (US),Series C,1,6000000
California (US),Michigan (US),Series C,1,3333333
Illinois (US),Michigan (US),Series C,1,3333333
Israel (Else),West Virginia (US),Series C,1,10000000
California (US),District of Columbia (US),Series C,1,5333333
District of Columbia (US),Virginia (US),Series C,1,5333333
Delaware (US),Maine (US),Series C,1,2500000
Delaware (US),Maryland (US),Series C,1,2500000
Maine (US),Maryland (US),Series C,1,2500000
Maine (US),Massachusetts (US),Series C,1,2500000
District of Columbia (US),Maryland (US),Series C,1,13333333
China (Else),Washington (US),Series C,1,3000000
California (US),Illinois (US),Series D,6,44550794
California (US),Massachusetts (US),Series D,13,145084423
California (US),Pennsylvania (US),Series D,3,67514286
Connecticut (US),Illinois (US),Series D,3,14984127
Connecticut (US),Massachusetts (US),Series D,1,6628571
Connecticut (US),Pennsylvania (US),Series D,1,6628571
Illinois (US),Massachusetts (US),Series D,1,6628571
Illinois (US),Pennsylvania (US),Series D,1,6628571
Massachusetts (US),Pennsylvania (US),Series D,2,20514286
California (US),New Jersey (US),Series D,4,42177778
California (US),Wyoming (US),Series D,1,8733333
Massachusetts (US),New Jersey (US),Series D,1,4366667
Massachusetts (US),Wyoming (US),Series D,1,4366667
New Jersey (US),Wyoming (US),Series D,1,4366667
California (US),Canada (Else),Series D,1,45000000
California (US),Colorado (US),Series D,2,73000000
California (US),New York (US),Series D,15,216864739
Canada (Else),Colorado (US),Series D,1,10000000
Canada (Else),New York (US),Series D,1,10000000
Canada (Else),Pennsylvania (US),Series D,1,10000000
Colorado (US),New York (US),Series D,1,10000000
Colorado (US),Pennsylvania (US),Series D,1,10000000
New York (US),Pennsylvania (US),Series D,2,19257143
California (US),Israel (Else),Series D,1,9444444
California (US),Minnesota (US),Series D,4,39533333
California (US),Sweden (EU),Series D,1,7555556
France (EU),Illinois (US),Series D,1,3777778
France (EU),Israel (Else),Series D,1,5666667
France (EU),Minnesota (US),Series D,1,3777778
France (EU),Sweden (EU),Series D,1,3777778
Illinois (US),Israel (Else),Series D,1,5666667
Illinois (US),Minnesota (US),Series D,2,8577778
Illinois (US),Sweden (EU),Series D,1,3777778
Israel (Else),Minnesota (US),Series D,1,5666667
Israel (Else),Sweden (EU),Series D,1,5666667
Minnesota (US),Sweden (EU),Series D,1,3777778
California (US),Taiwan (Else),Series D,3,54884444
California (US),Oklahoma (US),Series D,1,8181818
California (US),Texas (US),Series D,5,68056818
France (EU),Massachusetts (US),Series D,3,9830909
France (EU),New York (US),Series D,1,2727273
France (EU),Oklahoma (US),Series D,1,2727273
France (EU),Texas (US),Series D,1,2727273
Massachusetts (US),New York (US),Series D,5,39648846
Massachusetts (US),Oklahoma (US),Series D,1,4090909
Massachusetts (US),Texas (US),Series D,4,31424242
New York (US),Oklahoma (US),Series D,1,2727273
New York (US),Texas (US),Series D,1,2727273
Oklahoma (US),Texas (US),Series D,1,2727273
Massachusetts (US),Massachusetts (US),Series D,7,29244582
California (US),Germany (EU),Series D,3,17688571
Germany (EU),Massachusetts (US),Series D,2,17125714
Germany (EU),New York (US),Series D,1,9257143
Germany (EU),Ohio (US),Series D,1,9257143
Germany (EU),Pennsylvania (US),Series D,1,9257143
Massachusetts (US),Ohio (US),Series D,2,25635714
New York (US),Ohio (US),Series D,1,9257143
Ohio (US),Pennsylvania (US),Series D,1,9257143
California (US),The Netherlands (EU),Series D,1,22844444
California (US),United Kingdom (EU),Series D,2,33844444
Massachusetts (US),Minnesota (US),Series D,1,11422222
Massachusetts (US),Taiwan (Else),Series D,1,11422222
Massachusetts (US),The Netherlands (EU),Series D,1,11422222
Massachusetts (US),United Kingdom (EU),Series D,1,11422222
Minnesota (US),New York (US),Series D,1,11422222
Minnesota (US),Taiwan (Else),Series D,1,11422222
Minnesota (US),The Netherlands (EU),Series D,1,11422222
Minnesota (US),United Kingdom (EU),Series D,1,11422222
New York (US),Taiwan (Else),Series D,1,11422222
New York (US),The Netherlands (EU),Series D,1,11422222
New York (US),United Kingdom (EU),Series D,1,11422222
Taiwan (Else),The Netherlands (EU),Series D,1,11422222
Taiwan (Else),United Kingdom (EU),Series D,1,11422222
The Netherlands (EU),United Kingdom (EU),Series D,1,11422222
Colorado (US),Massachusetts (US),Series D,1,5015250
Colorado (US),Washington (US),Series D,1,3343500
Massachusetts (US),Washington (US),Series D,1,5015250
California (US),Mississippi (US),Series D,2,56333333
Mississippi (US),New York (US),Series D,1,13333333
Connecticut (US),New Jersey (US),Series D,1,5333333
Illinois (US),New Jersey (US),Series D,1,5333333
New Jersey (US),New Jersey (US),Series D,1,3555556
Illinois (US),New York (US),Series D,1,2975250
Illinois (US),Virginia (US),Series D,1,1983500
New York (US),Virginia (US),Series D,1,2975250
New York (US),New York (US),Series D,3,16983500
Bermuda (Else),Massachusetts (US),Series D,1,4500000
Florida (US),New York (US),Series D,1,35000000
Texas (US),Texas (US),Series D,2,20166667
District of Columbia (US),Massachusetts (US),Series D,1,10000000
District of Columbia (US),Nevada (US),Series D,1,6666667
District of Columbia (US),Texas (US),Series D,1,10000000
Massachusetts (US),Nevada (US),Series D,1,10000000
Nevada (US),Texas (US),Series D,1,10000000
California (US),Wisconsin (US),Series D,2,13728571
Connecticut (US),Minnesota (US),Series D,1,4800000
Connecticut (US),Wisconsin (US),Series D,1,4800000
Illinois (US),Wisconsin (US),Series D,2,13728571
Minnesota (US),Wisconsin (US),Series D,1,4800000
Germany (EU),Illinois (US),Series D,1,3571429
Germany (EU),Wisconsin (US),Series D,1,8928571
Wisconsin (US),Wisconsin (US),Series D,1,7142857
California (US),North Carolina (US),Series D,1,6937500
France (EU),North Carolina (US),Series D,1,4625000
California (US),Utah (US),Series D,2,40089286
Massachusetts (US),Utah (US),Series D,1,11750000
Ohio (US),Texas (US),Series D,1,11750000
Ohio (US),Utah (US),Series D,1,11750000
Texas (US),Utah (US),Series D,1,11750000
California (US),Maryland (US),Series D,2,35000000
Maryland (US),New York (US),Series D,3,28466667
Colorado (US),Illinois (US),Series D,1,2250000
Colorado (US),Ohio (US),Series D,1,1500000
Illinois (US),Ohio (US),Series D,1,2250000
Illinois (US),Illinois (US),Series D,1,1500000
France (EU),Germany (EU),Series D,1,3240000
California (US),China (Else),Series D,1,10714286
California (US),South Korea (Else),Series D,1,10714286
China (Else),South Korea (Else),Series D,1,4285714
China (Else),Utah (US),Series D,1,4285714
South Korea (Else),Utah (US),Series D,1,4285714
California (US),Japan (Else),Series D,2,46333333
Japan (Else),Massachusetts (US),Series D,1,7333333
California (US),Missouri (US),Series D,1,10000000
Massachusetts (US),Missouri (US),Series D,1,5000000
Missouri (US),New York (US),Series D,2,51000000
New Jersey (US),New York (US),Series D,1,16666667
Minnesota (US),New Jersey (US),Series D,1,4333333
Israel (Else),New York (US),Series D,1,12480000
Colorado (US),Japan (Else),Series D,1,14000000
Australia (Else),North Carolina (US),Series D,1,10500000
California (US),Canada (Else),Series E,1,5000000
California (US),Georgia (US),Series E,1,5000000
California (US),Minnesota (US),Series E,1,7500000
California (US),North Carolina (US),Series E,2,7684000
Canada (Else),Georgia (US),Series E,1,5000000
Canada (Else),Minnesota (US),Series E,1,7500000
Canada (Else),North Carolina (US),Series E,1,5000000
Georgia (US),Minnesota (US),Series E,1,7500000
Georgia (US),North Carolina (US),Series E,1,5000000
Minnesota (US),North Carolina (US),Series E,1,7500000
Minnesota (US),Minnesota (US),Series E,1,5000000
California (US),Illinois (US),Series E,1,5142857
California (US),New York (US),Series E,5,100990476
California (US),Utah (US),Series E,1,5142857
Illinois (US),New York (US),Series E,1,6857143
Illinois (US),Utah (US),Series E,1,3428571
New York (US),Utah (US),Series E,1,6857143
California (US),California (US),Series E,12,148051955
New York (US),New York (US),Series E,3,33795857
California (US),Massachusetts (US),Series E,2,38533333
Illinois (US),Massachusetts (US),Series E,1,5000000
Massachusetts (US),Massachusetts (US),Series E,2,5653000
California (US),District of Columbia (US),Series E,1,10000000
California (US),Germany (EU),Series E,2,6164000
California (US),The Netherlands (EU),Series E,1,3480000
California (US),Virginia (US),Series E,1,3480000
Germany (EU),The Netherlands (EU),Series E,1,3480000
Germany (EU),Virginia (US),Series E,1,3480000
The Netherlands (EU),Virginia (US),Series E,1,3480000
Connecticut (US),New York (US),Series E,1,4000000
Massachusetts (US),Taiwan (Else),Series E,1,10309000
California (US),Texas (US),Series E,1,1996667
California (US),Washington (US),Series E,1,1996667
Texas (US),Washington (US),Series E,1,1996667
California (US),Maryland (US),Series E,2,64285714
Massachusetts (US),Minnesota (US),Series E,1,2479500
Massachusetts (US),New Jersey (US),Series E,1,2479500
Massachusetts (US),New York (US),Series E,3,34439333
Minnesota (US),New Jersey (US),Series E,1,1653000
Minnesota (US),New York (US),Series E,1,2479500
New Jersey (US),New York (US),Series E,1,2479500
Belgium (EU),California (US),Series E,1,13000000
California (US),Taiwan (Else),Series E,1,20000000
Taiwan (Else),Taiwan (Else),Series E,1,10000000
California (US),Sweden (EU),Series E,1,18000000
New York (US),Sweden (EU),Series E,1,36000000
California (US),France (EU),Series E,1,14285714
California (US),Switzerland (EU),Series E,1,14285714
France (EU),Maryland (US),Series E,1,7142857
France (EU),New York (US),Series E,1,7142857
France (EU),Switzerland (EU),Series E,1,7142857
Maryland (US),New York (US),Series E,1,7142857
Maryland (US),Switzerland (EU),Series E,1,7142857
New York (US),Switzerland (EU),Series E,1,7142857
Germany (EU),North Carolina (US),Series E,1,2684000
Tennessee (US),Texas (US),Series E,1,20000000
Massachusetts (US),Pennsylvania (US),Series E,1,2000000
New York (US),Pennsylvania (US),Series E,1,2000000
Denmark (EU),Massachusetts (US),Series F,1,10714286
Denmark (EU),New York (US),Series F,1,7142857
Denmark (EU),Pennsylvania (US),Series F,1,7142857
Denmark (EU),The Netherlands (EU),Series F,1,10714286
Massachusetts (US),New York (US),Series F,1,10714286
Massachusetts (US),Pennsylvania (US),Series F,1,10714286
Massachusetts (US),The Netherlands (EU),Series F,1,14285714
New York (US),Pennsylvania (US),Series F,2,17042857
New York (US),The Netherlands (EU),Series F,1,10714286
Pennsylvania (US),The Netherlands (EU),Series F,1,10714286
Massachusetts (US),Massachusetts (US),Series F,1,7142857
The Netherlands (EU),The Netherlands (EU),Series F,1,7142857
California (US),Washington (US),Series F,1,38000000
California (US),Illinois (US),Series F,1,28500000
California (US),United Kingdom (EU),Series F,1,19000000
Illinois (US),United Kingdom (EU),Series F,1,28500000
Illinois (US),Illinois (US),Series F,1,19000000
California (US),California (US),Series F,3,70025000
Massachusetts (US),Taiwan (Else),Series F,1,4000000
California (US),France (EU),Series F,1,13000000
California (US),New Jersey (US),Series F,1,14850000
California (US),New York (US),Series F,1,14850000
California (US),Pennsylvania (US),Series F,1,14850000
New Jersey (US),New York (US),Series F,1,9900000
New Jersey (US),Pennsylvania (US),Series F,1,9900000
California (US),Connecticut (US),Series F,2,22000000
California (US),Germany (EU),Series F,1,15000000
California (US),Massachusetts (US),Series F,1,15000000
Connecticut (US),Germany (EU),Series F,1,15000000
Connecticut (US),Massachusetts (US),Series F,1,15000000
Germany (EU),Massachusetts (US),Series F,1,15000000
California (US),Georgia (US),Series F,1,800000
California (US),North Carolina (US),Series F,1,800000
Georgia (US),North Carolina (US),Series F,1,800000
California (US),Massachusetts (US),Series Unknown,16,177306111
California (US),New Jersey (US),Series Unknown,9,56075000
Massachusetts (US),New Jersey (US),Series Unknown,2,8066667
California (US),California (US),Series Unknown,42,389419762
Belgium (EU),Massachusetts (US),Series Unknown,1,5653364
Belgium (EU),United Kingdom (EU),Series Unknown,1,11306728
New York (US),United Kingdom (EU),Series Unknown,2,56430407
Japan (Else),Michigan (US),Series Unknown,1,4066667
Japan (Else),New Jersey (US),Series Unknown,1,4066667
Japan (Else),North Carolina (US),Series Unknown,1,16266667
Japan (Else),Pennsylvania (US),Series Unknown,1,4066667
Japan (Else),Virginia (US),Series Unknown,1,4066667
Michigan (US),New Jersey (US),Series Unknown,1,4066667
Michigan (US),North Carolina (US),Series Unknown,1,16266667
Michigan (US),Pennsylvania (US),Series Unknown,1,4066667
Michigan (US),Virginia (US),Series Unknown,1,4066667
New Jersey (US),North Carolina (US),Series Unknown,1,16266667
New Jersey (US),Pennsylvania (US),Series Unknown,1,4066667
New Jersey (US),Virginia (US),Series Unknown,1,4066667
North Carolina (US),Pennsylvania (US),Series Unknown,1,16266667
North Carolina (US),Virginia (US),Series Unknown,1,16266667
Pennsylvania (US),Virginia (US),Series Unknown,1,4066667
North Carolina (US),North Carolina (US),Series Unknown,2,15900000
California (US),Illinois (US),Series Unknown,7,66500000
California (US),Texas (US),Series Unknown,8,105540873
Illinois (US),Texas (US),Series Unknown,5,49650000
Connecticut (US),Texas (US),Series Unknown,4,49315873
Connecticut (US),Virginia (US),Series Unknown,2,16214286
Connecticut (US),Washington (US),Series Unknown,1,12500000
Texas (US),Virginia (US),Series Unknown,1,12500000
Texas (US),Washington (US),Series Unknown,1,12500000
Virginia (US),Washington (US),Series Unknown,2,17939333
Pennsylvania (US),Pennsylvania (US),Series Unknown,1,8000000
Canada (Else),Connecticut (US),Series Unknown,2,7587302
Canada (Else),Illinois (US),Series Unknown,1,7714286
Canada (Else),Indiana (US),Series Unknown,1,5142857
Canada (Else),Minnesota (US),Series Unknown,1,5142857
Canada (Else),Ohio (US),Series Unknown,1,5142857
Connecticut (US),Illinois (US),Series Unknown,1,7714286
Connecticut (US),Indiana (US),Series Unknown,1,5142857
Connecticut (US),Minnesota (US),Series Unknown,1,5142857
Connecticut (US),Ohio (US),Series Unknown,1,5142857
Illinois (US),Indiana (US),Series Unknown,1,7714286
Illinois (US),Ohio (US),Series Unknown,1,7714286
Indiana (US),Minnesota (US),Series Unknown,1,5142857
Indiana (US),Ohio (US),Series Unknown,1,5142857
Minnesota (US),Ohio (US),Series Unknown,1,5142857
Illinois (US),Illinois (US),Series Unknown,3,8902857
California (US),Louisiana (US),Series Unknown,1,6666667
California (US),Minnesota (US),Series Unknown,3,14416667
California (US),Missouri (US),Series Unknown,1,13333333
Louisiana (US),Minnesota (US),Series Unknown,1,6666667
Louisiana (US),Missouri (US),Series Unknown,1,13333333
Minnesota (US),Missouri (US),Series Unknown,1,13333333
Missouri (US),Missouri (US),Series Unknown,1,10000000
Israel (Else),Virginia (US),Series Unknown,1,4500000
District of Columbia (US),New York (US),Series Unknown,2,32800000
California (US),Washington (US),Series Unknown,4,21750000
New Jersey (US),Washington (US),Series Unknown,2,8500000
Illinois (US),Massachusetts (US),Series Unknown,4,40300000
Illinois (US),Washington (US),Series Unknown,2,11439333
Massachusetts (US),Washington (US),Series Unknown,2,8000000
Massachusetts (US),Massachusetts (US),Series Unknown,9,66516667
Australia (Else),California (US),Series Unknown,1,5571429
Australia (Else),Connecticut (US),Series Unknown,1,3714286
Australia (Else),Florida (US),Series Unknown,1,3714286
Australia (Else),New York (US),Series Unknown,1,3714286
Australia (Else),Virginia (US),Series Unknown,1,3714286
California (US),Connecticut (US),Series Unknown,8,48677778
California (US),Florida (US),Series Unknown,4,15738095
California (US),Virginia (US),Series Unknown,2,9600000
Connecticut (US),Florida (US),Series Unknown,1,3714286
Connecticut (US),New York (US),Series Unknown,4,19267381
Florida (US),New York (US),Series Unknown,2,7714286
Florida (US),Virginia (US),Series Unknown,1,3714286
New York (US),Virginia (US),Series Unknown,2,6400000
California (US),Maryland (US),Series Unknown,4,40586667
California (US),Michigan (US),Series Unknown,4,36433333
Maryland (US),Michigan (US),Series Unknown,1,6600000
California (US),Mississippi (US),Series Unknown,1,2000000
California (US),Japan (Else),Series Unknown,4,53071429
Japan (Else),New York (US),Series Unknown,2,5514286
Japan (Else),Texas (US),Series Unknown,3,29514286
New York (US),Texas (US),Series Unknown,7,43014286
New York (US),New York (US),Series Unknown,11,70114444
Georgia (US),Illinois (US),Series Unknown,1,2400000
Georgia (US),Georgia (US),Series Unknown,1,1440000
California (US),Germany (EU),Series Unknown,3,34100000
Germany (EU),Michigan (US),Series Unknown,1,6000000
Germany (EU),New York (US),Series Unknown,2,21600000
Germany (EU),Texas (US),Series Unknown,1,12000000
Illinois (US),Michigan (US),Series Unknown,1,6000000
Illinois (US),New York (US),Series Unknown,2,9000000
Michigan (US),New York (US),Series Unknown,1,6000000
Michigan (US),Texas (US),Series Unknown,1,12000000
Texas (US),Texas (US),Series Unknown,1,9000000
California (US),Colorado (US),Series Unknown,4,16041667
Colorado (US),Massachusetts (US),Series Unknown,1,5000000
Colorado (US),Minnesota (US),Series Unknown,1,2500000
Colorado (US),New Jersey (US),Series Unknown,1,2500000
Massachusetts (US),Minnesota (US),Series Unknown,2,7000000
Minnesota (US),New Jersey (US),Series Unknown,1,2500000
California (US),Taiwan (Else),Series Unknown,1,2500000
Illinois (US),New Jersey (US),Series Unknown,2,8550000
Finland (EU),Sweden (EU),Series Unknown,1,1101547
Israel (Else),Kentucky (US),Series Unknown,1,3000000
District of Columbia (US),Massachusetts (US),Series Unknown,1,19800000
Massachusetts (US),New York (US),Series Unknown,7,97046667
Israel (Else),West Virginia (US),Series Unknown,1,6666667
Massachusetts (US),West Virginia (US),Series Unknown,1,6666667
Massachusetts (US),Michigan (US),Series Unknown,1,9000000
Denmark (EU),Iceland (EU),Series Unknown,1,4750000
Denmark (EU),Massachusetts (US),Series Unknown,1,4750000
Denmark (EU),Sweden (EU),Series Unknown,1,4750000
Iceland (EU),Massachusetts (US),Series Unknown,1,4750000
Iceland (EU),Sweden (EU),Series Unknown,1,4750000
Massachusetts (US),Sweden (EU),Series Unknown,1,4750000
California (US),West Virginia (US),Series Unknown,1,2800000
France (EU),Hong Kong (Else),Series Unknown,1,2800000
France (EU),United Kingdom (EU),Series Unknown,1,2800000
France (EU),West Virginia (US),Series Unknown,1,2800000
Hong Kong (Else),United Kingdom (EU),Series Unknown,1,2800000
Hong Kong (Else),West Virginia (US),Series Unknown,1,2800000
United Kingdom (EU),West Virginia (US),Series Unknown,1,2800000
Illinois (US),Japan (Else),Series Unknown,1,24000000
Japan (Else),Massachusetts (US),Series Unknown,1,24000000
Massachusetts (US),Texas (US),Series Unknown,2,26444444
Minnesota (US),New York (US),Series Unknown,2,7000000
Israel (Else),New Jersey (US),Series Unknown,1,5500000
Israel (Else),Texas (US),Series Unknown,1,5500000
New Jersey (US),Texas (US),Series Unknown,1,5500000
Massachusetts (US),Pennsylvania (US),Series Unknown,1,5400000
Massachusetts (US),Tennessee (US),Series Unknown,1,5400000
Pennsylvania (US),Tennessee (US),Series Unknown,1,5400000
Canada (Else),Germany (EU),Series Unknown,1,15600000
Colorado (US),Connecticut (US),Series Unknown,1,30000000
Colorado (US),Texas (US),Series Unknown,1,30000000
Denmark (EU),New York (US),Series Unknown,1,16333333
Denmark (EU),Pennsylvania (US),Series Unknown,1,16333333
New York (US),Pennsylvania (US),Series Unknown,3,19853333
Arkansas (US),California (US),Series Unknown,1,4000000
Arkansas (US),Florida (US),Series Unknown,1,4000000
Arkansas (US),Minnesota (US),Series Unknown,1,4000000
Arkansas (US),New York (US),Series Unknown,1,4000000
Florida (US),Minnesota (US),Series Unknown,1,4000000
California (US),Côte d'Ivoire (Else),Series Unknown,1,2444444
California (US),Singapore (Else),Series Unknown,2,8277778
Canada (Else),Côte d'Ivoire (Else),Series Unknown,1,2444444
Canada (Else),Singapore (Else),Series Unknown,1,2444444
Canada (Else),Texas (US),Series Unknown,1,2444444
Connecticut (US),Côte d'Ivoire (Else),Series Unknown,1,2444444
Connecticut (US),Massachusetts (US),Series Unknown,2,5844444
Connecticut (US),Singapore (Else),Series Unknown,1,2444444
Côte d'Ivoire (Else),Massachusetts (US),Series Unknown,1,2444444
Côte d'Ivoire (Else),New York (US),Series Unknown,1,3666667
Côte d'Ivoire (Else),Singapore (Else),Series Unknown,1,2444444
Côte d'Ivoire (Else),Texas (US),Series Unknown,1,2444444
Massachusetts (US),Singapore (Else),Series Unknown,1,2444444
New York (US),Singapore (Else),Series Unknown,1,3666667
Singapore (Else),Texas (US),Series Unknown,1,2444444
Illinois (US),Virginia (US),Series Unknown,1,5439333
Florida (US),Massachusetts (US),Series Unknown,1,1300000
Florida (US),Maryland (US),Series Unknown,1,1666667
Connecticut (US),New Jersey (US),Series Unknown,2,16133333
Bangladesh (Else),California (US),Series Unknown,1,2550000
Bangladesh (Else),Massachusetts (US),Series Unknown,1,3825000
California (US),Norway (EU),Series Unknown,1,6500000
Germany (EU),New Jersey (US),Series Unknown,1,6500000
Germany (EU),Norway (EU),Series Unknown,1,6500000
New Jersey (US),Norway (EU),Series Unknown,1,6500000
Florida (US),Illinois (US),Series Unknown,1,3000000
Florida (US),Texas (US),Series Unknown,1,3000000
Connecticut (US),Japan (Else),Series Unknown,1,4371429
Connecticut (US),Connecticut (US),Series Unknown,1,2914286
Belgium (EU),California (US),Series Unknown,1,2500000
Belgium (EU),Georgia (US),Series Unknown,1,2500000
Belgium (EU),Maryland (US),Series Unknown,1,2500000
California (US),Georgia (US),Series Unknown,1,2500000
Georgia (US),Maryland (US),Series Unknown,1,2500000
Michigan (US),Singapore (Else),Series Unknown,1,5833333
Arizona (US),California (US),Series Unknown,1,5300000
California (US),India (Else),Series Unknown,2,6695238
Colorado (US),India (Else),Series Unknown,1,2666667
Connecticut (US),Switzerland (EU),Series Unknown,1,5010000
New York (US),Switzerland (EU),Series Unknown,2,11543571
Illinois (US),North Carolina (US),Series Unknown,1,2500000
Maryland (US),Massachusetts (US),Series Unknown,1,19880000
Maryland (US),New York (US),Series Unknown,1,19880000
India (Else),New York (US),Series Unknown,1,2685714
India (Else),Switzerland (EU),Series Unknown,1,4028571
India (Else),Virginia (US),Series Unknown,1,2685714
Switzerland (EU),Virginia (US),Series Unknown,1,4028571
California (US),District of Columbia (US),Series Unknown,2,9300000
Pennsylvania (US),Texas (US),Series Unknown,1,3333333
California (US),Maine (US),Series Unknown,1,6000000
Colorado (US),New York (US),Series Unknown,1,4750000
California (US),Pennsylvania (US),Series Unknown,1,186667
Washington (US),Washington (US),Series Unknown,1,3000000
California (US),Oregon (US),Series Unknown,1,3000000
Canada (Else),District of Columbia (US),Series Unknown,1,3000000
Canada (Else),Oregon (US),Series Unknown,1,3000000
District of Columbia (US),Oregon (US),Series Unknown,1,3000000
