geo,domain,count
Japan (JP),B65H,5
Switzerland (CH),H04L,3
Switzerland (CH),F24C,1
Turkiye (TR),B23K,6
China (CN),Y02P,90
China (CN),F16F,8
China (CN),B33Y,9
China (CN),B22F,7
China (CN),A47B,6
Japan (JP),C09J,6
United States (US),A61K,150
United States (US),C07K,68
United States (US),A01N,7
United States (US),A01P,3
United States (US),C07D,42
India (IN),C02F,1
India (IN),Y02A,1
India (IN),F03G,1
United States (US),G09G,3
Latvia (LV),B24B,1
Turkiye (TR),B63B,3
Romania (RO),H01M,1
Romania (RO),Y02E,1
Russia (RU),C12H,1
Turkiye (TR),A61B,53
China (CN),B08B,13
China (CN),C08G,12
China (CN),Y02W,32
China (CN),C08J,8
China (CN),C08K,12
China (CN),C08L,14
China (CN),B30B,2
United Arab Emirates (AE),G21F,1
United Arab Emirates (AE),A41D,1
United Arab Emirates (AE),D02G,1
Iran (IR),G21F,1
Iran (IR),A41D,1
Iran (IR),D02G,1
Iran (IR),F05B,1
Iran (IR),E02B,1
Iran (IR),F03B,1
Iran (IR),Y02E,1
China (CN),F03G,1
China (CN),C21D,5
China (CN),C21C,2
China (CN),C21B,2
China (CN),C22B,8
China (CN),C22C,9
France (FR),C01B,8
Turkiye (TR),A61K,119
China (CN),B42D,1
China (CN),G09B,6
France (FR),H10N,7
India (IN),Y02E,7
India (IN),H01M,5
Turkiye (TR),B65B,8
Turkiye (TR),A23C,4
Turkiye (TR),H01Q,3
China (CN),A01G,11
France (FR),A61B,36
France (FR),B01L,11
France (FR),A61M,11
France (FR),G01C,3
France (FR),G06F,33
France (FR),Artificial Intelligence,47
France (FR),B62M,2
France (FR),B60L,12
Iran (IR),F16D,2
Israel (IL),A61K,6
Israel (IL),A61P,6
Turkiye (TR),A61M,23
Turkiye (TR),A61F,11
Turkiye (TR),C02F,19
Turkiye (TR),A23L,9
Turkiye (TR),Y02P,5
Turkiye (TR),H05K,2
Turkiye (TR),H01L,5
Turkiye (TR),A41D,5
France (FR),B63H,4
France (FR),B63B,6
United Kingdom (GB),B65D,4
United Kingdom (GB),B60P,1
France (FR),C02F,24
Turkiye (TR),G01M,7
Turkiye (TR),B01J,8
Turkiye (TR),C23C,6
China (CN),B65F,1
China (CN),G06F,109
China (CN),Y02D,118
China (CN),Y02B,31
China (CN),D06F,7
France (FR),A61L,17
France (FR),B60R,18
France (FR),G05D,3
France (FR),F01P,3
France (FR),H03F,2
France (FR),B62D,18
France (FR),B65D,9
France (FR),B60P,1
France (FR),F16C,7
France (FR),F16H,3
France (FR),B64D,6
France (FR),G05B,3
Israel (IL),Y02A,1
Japan (JP),A61B,9
Turkiye (TR),A23F,3
China (CN),F16C,7
China (CN),B05B,5
Japan (JP),B01L,1
India (IN),B01L,1
France (FR),H01J,4
France (FR),H02M,5
France (FR),H01F,6
France (FR),G11C,1
France (FR),H01L,17
Faroe Islands (FO),G11C,1
Faroe Islands (FO),H01L,1
Faroe Islands (FO),H10N,1
France (FR),A23D,2
France (FR),A23L,12
France (FR),B01D,46
Turkiye (TR),B62B,3
Turkiye (TR),B28B,1
Turkiye (TR),A61N,7
Turkiye (TR),F41H,8
Turkiye (TR),F42B,3
Turkiye (TR),F42D,1
Turkiye (TR),C06C,1
Turkiye (TR),B28C,1
Turkiye (TR),B01F,8
China (CN),F16M,7
China (CN),H05K,22
China (CN),H01L,50
China (CN),B60K,20
China (CN),B21D,6
China (CN),B65H,3
China (CN),B07B,4
China (CN),Artificial Intelligence,117
China (CN),H02B,6
China (CN),B29C,21
China (CN),B25B,3
China (CN),Y02T,66
China (CN),B60L,16
China (CN),H04M,12
China (CN),B65G,9
China (CN),B25J,13
China (CN),A61P,68
China (CN),C07D,32
China (CN),A61K,72
Czechia (CZ),C11B,1
France (FR),G10L,6
France (FR),F02K,2
France (FR),F02C,2
France (FR),G21B,1
France (FR),G21F,5
France (FR),F03H,1
France (FR),G21D,2
France (FR),F05D,8
France (FR),C08J,10
France (FR),C08F,11
France (FR),B03D,1
Germany (DE),G05B,9
Germany (DE),B25J,5
France (FR),G01S,26
France (FR),G01M,3
France (FR),B22D,3
France (FR),B33Y,16
France (FR),B29C,32
France (FR),B22F,11
Turkiye (TR),G01N,38
The Netherlands (NL),G01N,5
Turkiye (TR),G09B,9
United States (US),Y02P,6
United States (US),C02F,7
Turkiye (TR),H02B,2
Turkiye (TR),H01H,4
China (CN),H02P,6
China (CN),H02H,9
China (CN),H01H,6
Egypt (EG),C10G,3
Egypt (EG),B01J,2
Egypt (EG),B01D,2
Egypt (EG),C10L,3
Egypt (EG),G06F,1
Egypt (EG),Artificial Intelligence,1
France (FR),B60K,24
Austria (AT),A61B,1
Switzerland (CH),A61B,8
France (FR),C07D,7
France (FR),A01P,1
France (FR),A01N,1
France (FR),H04L,32
France (FR),H04Q,2
Slovenia (SI),C07D,2
France (FR),C04B,8
France (FR),F27B,1
France (FR),C23C,10
France (FR),A61P,16
France (FR),C07K,6
France (FR),A61K,52
France (FR),A01G,9
Germany (DE),E03D,3
Germany (DE),C02F,3
Germany (DE),A47K,3
Germany (DE),B09B,2
France (FR),E03D,2
France (FR),A47K,2
France (FR),B09B,7
Japan (JP),C05F,1
Japan (JP),A01N,4
Japan (JP),A01P,4
Japan (JP),C12N,8
Bhutan (BT),C05F,1
Bhutan (BT),A01N,1
Bhutan (BT),A01P,1
Bhutan (BT),C12N,1
Turkiye (TR),G06V,19
Turkiye (TR),G06T,14
Turkiye (TR),Artificial Intelligence,54
Turkiye (TR),F41A,7
Turkiye (TR),Y02W,2
Turkiye (TR),G06Q,56
Turkiye (TR),B65F,2
Turkiye (TR),E04H,8
Turkiye (TR),G06N,31
Turkiye (TR),G07C,7
Turkiye (TR),A47L,15
Turkiye (TR),A22C,1
Turkiye (TR),A01G,6
Turkiye (TR),A47J,12
Canada (CA),A01K,1
China (CN),G06V,33
Switzerland (CH),G06K,2
Switzerland (CH),B23Q,1
Switzerland (CH),B23F,1
Switzerland (CH),G05B,2
France (FR),F28F,11
France (FR),F28D,11
France (FR),H04W,15
France (FR),A63B,1
Germany (DE),A63F,2
Morocco (MA),G06T,1
France (FR),G06T,12
Iran (IR),B60T,1
Iran (IR),A61B,8
Iran (IR),G16H,3
Poland (PL),B26D,1
Poland (PL),A24C,1
Poland (PL),B26F,1
Poland (PL),A24D,1
Poland (PL),A24B,1
Turkiye (TR),C08K,9
Turkiye (TR),A62C,2
Turkiye (TR),A61G,6
United Kingdom (GB),A61G,2
Turkiye (TR),A47B,6
Turkiye (TR),B42D,2
Turkiye (TR),G01L,5
Turkiye (TR),B60W,9
Turkiye (TR),B62D,10
Turkiye (TR),G05D,7
Turkiye (TR),G02B,6
Turkiye (TR),H04W,17
China (CN),C22F,2
China (CN),B21C,2
China (CN),B22D,1
Czechia (CZ),B63B,1
France (FR),A01K,13
France (FR),A62C,2
France (FR),C10G,50
France (FR),D21H,4
France (FR),B42D,1
France (FR),G09B,3
Russia (RU),B08B,1
Russia (RU),A24F,3
France (FR),H01Q,7
Armenia (AM),F03D,1
Armenia (AM),Y02E,1
Belgium (BE),F03D,1
Belgium (BE),Y02E,2
India (IN),F02K,1
India (IN),F02C,1
India (IN),F05D,1
South Korea (KR),G06N,18
South Korea (KR),Artificial Intelligence,26
Turkiye (TR),G10K,1
Turkiye (TR),E03D,15
Turkiye (TR),E03C,7
Turkiye (TR),C12N,18
Turkiye (TR),A61P,53
Turkiye (TR),C12J,1
United States (US),H04L,110
United States (US),H04N,93
China (CN),G06Q,34
Czechia (CZ),A61J,1
Czechia (CZ),F24V,1
Czechia (CZ),A61P,2
Czechia (CZ),A61M,1
Czechia (CZ),A61K,2
Czechia (CZ),A41D,1
Germany (DE),A01D,2
France (FR),H01M,35
France (FR),B01F,4
France (FR),B01J,42
France (FR),H03H,1
France (FR),H04B,16
United States (US),B01L,8
United States (US),B01J,18
France (FR),D01F,3
France (FR),C11C,3
France (FR),C10J,9
France (FR),C07C,21
France (FR),C12P,5
France (FR),B26B,1
Turkiye (TR),E01F,3
Turkiye (TR),H01M,15
Turkiye (TR),G03F,2
Turkiye (TR),G06F,31
Germany (DE),C12Y,2
Germany (DE),A61K,21
Germany (DE),A61P,13
Turkiye (TR),C12Y,1
Turkiye (TR),G05B,7
Turkiye (TR),B22F,6
Turkiye (TR),C12R,3
Turkiye (TR),C12P,6
Switzerland (CH),F05B,1
Switzerland (CH),F03B,1
Switzerland (CH),F15B,1
Switzerland (CH),F17C,2
Japan (JP),H04N,10
Japan (JP),G03B,1
Japan (JP),G06T,8
Japan (JP),G01C,3
Japan (JP),G01S,4
Japan (JP),G02B,12
China (CN),G01N,42
China (CN),A61B,22
China (CN),C12R,20
China (CN),C12Y,6
China (CN),C12N,54
China (CN),C07K,33
China (CN),C12P,8
Czechia (CZ),F25D,1
Czechia (CZ),F28D,1
Czechia (CZ),A01G,2
Czechia (CZ),F24F,1
France (FR),C10B,6
France (FR),C25B,10
Switzerland (CH),G07C,3
France (FR),H02J,10
Switzerland (CH),B60D,1
Switzerland (CH),B62D,1
Switzerland (CH),F16L,1
Switzerland (CH),G06N,2
Switzerland (CH),Artificial Intelligence,6
Switzerland (CH),H04N,2
France (FR),B29D,16
France (FR),B29L,12
France (FR),B25J,7
France (FR),C03B,8
Turkiye (TR),D06F,17
Turkiye (TR),B26D,3
Turkiye (TR),B63H,5
Turkiye (TR),F16B,6
Australia (AU),B60N,1
Australia (AU),B60R,1
Australia (AU),A47C,1
Australia (AU),A47B,1
Japan (JP),D06F,23
Japan (JP),H01L,13
France (FR),F24S,4
France (FR),H02S,8
France (FR),H04N,16
The Netherlands (NL),G06N,3
The Netherlands (NL),Artificial Intelligence,8
France (FR),G06N,17
Belgium (BE),A23K,1
Vietnam (VN),A23K,1
France (FR),A23K,8
Switzerland (CH),F22D,1
Switzerland (CH),B01D,5
Switzerland (CH),C02F,1
Czechia (CZ),C09K,1
Czechia (CZ),C05G,1
Czechia (CZ),C05F,1
Switzerland (CH),C23C,1
Switzerland (CH),G04B,1
Morocco (MA),B01D,2
Turkiye (TR),B60B,4
Turkiye (TR),B60C,4
Turkiye (TR),B25B,1
Turkiye (TR),H01F,6
Turkiye (TR),B29K,1
Turkiye (TR),B29C,9
Japan (JP),F25B,3
Japan (JP),F25D,5
Japan (JP),F28F,3
China (CN),H04N,77
France (FR),B60S,24
France (FR),B62K,3
France (FR),B62J,2
France (FR),E05B,1
Germany (DE),H02J,6
Germany (DE),H01F,2
Germany (DE),B60L,6
Switzerland (CH),H02J,1
Switzerland (CH),H01F,2
Switzerland (CH),B60L,2
France (FR),A43B,4
France (FR),F16F,4
France (FR),A42B,1
France (FR),A61C,3
France (FR),F02M,3
France (FR),F01N,5
Brazil (BR),B60R,1
Spain (ES),A01G,2
France (FR),B66F,3
France (FR),F26B,5
Georgia (GE),F01C,1
Georgia (GE),F04C,1
Kenya (KE),A61K,1
Kenya (KE),A61P,1
Morocco (MA),C02F,2
Morocco (MA),B01J,2
Turkiye (TR),C03C,2
Turkiye (TR),H02H,1
Turkiye (TR),F28D,4
Turkiye (TR),A24B,1
Turkiye (TR),C12Q,12
Turkiye (TR),C08F,4
Turkiye (TR),B82Y,7
Turkiye (TR),H04B,7
Turkiye (TR),H03G,1
Turkiye (TR),A61Q,14
Japan (JP),F25C,2
France (FR),Y02E,2
France (FR),F16B,3
France (FR),F01M,2
France (FR),F16N,1
France (FR),G06Q,15
France (FR),G07F,7
France (FR),C10L,4
France (FR),D21C,2
France (FR),D21B,1
France (FR),E04D,5
Georgia (GE),A01G,1
Israel (IL),Artificial Intelligence,5
Israel (IL),G06N,2
Israel (IL),G06T,4
United States (US),A23L,9
United States (US),A23V,2
Philippines (PH),G10L,1
Philippines (PH),Artificial Intelligence,1
Philippines (PH),G06N,1
Philippines (PH),G09B,1
Philippines (PH),G06F,1
Peru (PE),F24C,1
Peru (PE),F23D,1
Turkiye (TR),A61C,4
Turkiye (TR),B23Q,6
Turkiye (TR),B25J,4
Turkiye (TR),D06M,8
Turkiye (TR),A47G,5
Turkiye (TR),B27M,1
Turkiye (TR),B27H,1
Turkiye (TR),A61L,17
Turkiye (TR),B08B,3
Turkiye (TR),A61H,1
Turkiye (TR),H04N,4
Turkiye (TR),F16F,14
Turkiye (TR),A61J,6
Turkiye (TR),G16H,15
Turkiye (TR),D01D,2
Turkiye (TR),D01F,2
Czechia (CZ),A01C,1
Czechia (CZ),Y02P,1
France (FR),H02K,6
France (FR),A23J,7
France (FR),G06V,12
France (FR),C08B,1
France (FR),A61Q,31
France (FR),C08L,14
France (FR),H04R,2
Switzerland (CH),H04R,1
France (FR),G01N,13
France (FR),B60T,3
France (FR),F16D,4
Switzerland (CH),C09D,1
Switzerland (CH),C08K,1
Switzerland (CH),H05B,1
Uruguay (UY),C02F,1
Uruguay (UY),C10G,1
Brazil (BR),C02F,1
Brazil (BR),C10G,2
Turkiye (TR),A01J,2
Turkiye (TR),A62D,1
Turkiye (TR),F41G,4
Turkiye (TR),G01S,12
Turkiye (TR),F42C,1
China (CN),A01C,5
France (FR),C11B,4
Iran (IR),C02F,2
Turkiye (TR),B60T,3
Turkiye (TR),F16D,6
Turkiye (TR),B60N,2
Turkiye (TR),B30B,1
Turkiye (TR),B61L,3
Tunisia (TN),Artificial Intelligence,1
Tunisia (TN),G06F,1
France (FR),A01F,1
Australia (AU),A61P,6
Australia (AU),A61K,6
Iran (IR),G04G,1
Iran (IR),G05B,2
United Kingdom (GB),A47C,1
Iran (IR),E04B,1
Turkiye (TR),G01F,7
Turkiye (TR),E02B,2
Turkiye (TR),A01K,12
Turkiye (TR),D02G,3
Turkiye (TR),D02J,1
Turkiye (TR),B29B,2
Turkiye (TR),G01R,9
Turkiye (TR),H01B,1
Turkiye (TR),C07D,12
Turkiye (TR),A62B,2
Turkiye (TR),C09D,8
Turkiye (TR),C01B,8
Turkiye (TR),B65G,7
Turkiye (TR),H02J,7
United States (US),H01L,44
United States (US),B65D,15
China (CN),B65D,12
China (CN),B65B,2
China (CN),H04B,74
Hong Kong (HK),B65D,2
China (CN),H02K,22
France (FR),A61H,3
Belgium (BE),C07C,6
Belgium (BE),B01J,7
Belgium (BE),C10G,9
Belgium (BE),C01B,2
Belgium (BE),C12P,1
France (FR),E06B,4
France (FR),E04F,5
France (FR),G08C,1
Turkiye (TR),B60R,2
United States (US),A61Q,13
France (FR),G07C,4
France (FR),H03K,2
France (FR),E05Y,4
France (FR),E05F,4
Austria (AT),H01L,1
Switzerland (CH),F24F,1
Switzerland (CH),H04W,3
Switzerland (CH),A61K,17
France (FR),B61L,1
France (FR),G08G,4
Iraq (IQ),A61C,1
Iran (IR),F27B,1
Iran (IR),F27D,1
Panama (PA),E05C,2
Turkiye (TR),B07B,2
Turkiye (TR),F23G,2
Turkiye (TR),C22B,4
Turkiye (TR),C08J,7
Turkiye (TR),C07K,8
United States (US),B29C,16
United States (US),B29L,4
United States (US),F17C,3
France (FR),C12M,4
Austria (AT),H01Q,2
Switzerland (CH),C01B,3
Switzerland (CH),A61M,4
Switzerland (CH),B01J,1
Switzerland (CH),H01T,1
Switzerland (CH),A01M,1
France (FR),G01G,1
France (FR),A63H,1
France (FR),A61F,7
Sweden (SE),F16L,1
Sweden (SE),B29C,1
Sweden (SE),B29L,1
Sweden (SE),A61M,5
Sweden (SE),H05K,2
Turkiye (TR),D06N,2
Turkiye (TR),F01D,2
Turkiye (TR),F03D,6
Turkiye (TR),B64C,8
Turkiye (TR),F04D,1
Turkiye (TR),B60K,7
Turkiye (TR),B60L,10
Turkiye (TR),A63B,5
Turkiye (TR),H04L,27
China (CN),C23C,7
France (FR),H01S,2
Switzerland (CH),F04B,1
France (FR),F16J,1
France (FR),H04M,1
Spain (ES),A61B,4
France (FR),B60N,8
France (FR),B64C,3
Iran (IR),G06Q,10
Iran (IR),H04L,1
Iran (IR),G06F,3
Iran (IR),G09B,2
Iran (IR),F42B,2
Iran (IR),B28D,1
Italy (IT),A23L,1
Italy (IT),A61K,5
Slovenia (SI),G06Q,1
Turkiye (TR),H01R,1
Turkiye (TR),B60H,2
United States (US),G06N,54
United States (US),Artificial Intelligence,140
United States (US),G06V,39
United States (US),A61P,117
China (CN),G06N,31
China (CN),G06T,43
China (CN),H01Q,12
China (CN),G01D,8
Czechia (CZ),C07D,1
France (FR),D02H,1
France (FR),D03J,1
France (FR),F01K,1
Canada (CA),D21H,1
Turkiye (TR),H05B,7
Turkiye (TR),F24C,16
Turkiye (TR),H04M,4
Turkiye (TR),E04B,6
Turkiye (TR),B65H,2
Turkiye (TR),B21F,2
Turkiye (TR),B33Y,11
Turkiye (TR),F05B,6
Switzerland (CH),E21B,2
Switzerland (CH),E21C,1
China (CN),G01V,6
China (CN),A23F,1
China (CN),Y02A,68
China (CN),B60S,2
China (CN),B60C,3
China (CN),B01J,14
China (CN),C07C,19
China (CN),E02D,11
China (CN),E01D,5
China (CN),B09B,5
Spain (ES),H01M,1
France (FR),C09K,6
France (FR),C03C,7
Germany (DE),C03C,2
France (FR),C12N,7
France (FR),C09C,1
Iran (IR),E02D,1
Iran (IR),F24F,2
Iran (IR),B01D,1
Ecuador (EC),A01K,1
Ecuador (EC),G01G,1
France (FR),G02B,11
Iran (IR),B22D,1
Iran (IR),B22C,1
Japan (JP),Y02E,5
Japan (JP),C12P,3
Japan (JP),C02F,2
Japan (JP),B09B,1
Japan (JP),G06Q,11
Turkiye (TR),C06B,1
Turkiye (TR),B27G,1
Turkiye (TR),F16P,2
Turkiye (TR),H04R,1
Turkiye (TR),G10L,3
Turkiye (TR),F16J,1
Turkiye (TR),H04Q,1
Turkiye (TR),G01K,2
Turkiye (TR),B05B,7
United States (US),F42B,4
United States (US),F41F,1
United States (US),B64U,6
United States (US),B64D,7
United States (US),H01M,16
United States (US),H02N,4
China (CN),G01M,9
China (CN),F16H,4
China (CN),E02F,2
China (CN),F15B,2
France (FR),B60Y,2
France (FR),B66C,2
France (FR),F17C,5
France (FR),B60J,3
France (FR),B05C,1
Switzerland (CH),B07B,1
France (FR),E03B,2
France (FR),C12G,1
France (FR),A61N,4
Hungary (HU),B01D,1
Hungary (HU),A62B,1
United States (US),B01D,18
United States (US),A62B,1
France (FR),A41H,1
South Korea (KR),H01M,28
South Korea (KR),C01G,8
South Korea (KR),Y02P,10
South Korea (KR),C22B,4
South Korea (KR),B25J,5
South Korea (KR),Y02W,2
South Korea (KR),A62C,4
Serbia (RS),H05B,1
Serbia (RS),A41D,1
Turkiye (TR),A01N,7
Turkiye (TR),A01P,6
Turkiye (TR),C05G,1
Turkiye (TR),A23N,1
Turkiye (TR),F15C,1
Turkiye (TR),F15D,1
Turkiye (TR),H01P,1
Turkiye (TR),C04B,13
China (CN),C01C,2
China (CN),E04G,6
China (CN),E04B,1
China (CN),E04H,2
China (CN),C01B,14
China (CN),C01P,4
China (CN),G01R,15
France (FR),A22C,2
France (FR),G05G,2
France (FR),H01H,4
France (FR),F16G,1
France (FR),D07B,3
France (FR),G16H,4
United States (US),A61L,22
France (FR),A01M,7
Georgia (GE),G09B,1
Russia (RU),A24B,1
Russia (RU),B05B,1
Russia (RU),A61M,1
United States (US),B63C,2
Iran (IR),Artificial Intelligence,5
Iran (IR),G06N,4
Russia (RU),F16H,1
Turkiye (TR),D06B,4
Turkiye (TR),B60G,13
Turkiye (TR),C22C,3
Turkiye (TR),B65D,11
Turkiye (TR),Y02B,2
Turkiye (TR),H02S,7
Turkiye (TR),F24S,2
Turkiye (TR),Y02E,9
Japan (JP),H04H,1
Switzerland (CH),G06F,6
Spain (ES),F16F,1
France (FR),C12R,2
Turkiye (TR),F24H,2
Turkiye (TR),F16M,1
Turkiye (TR),B66C,3
Turkiye (TR),B60P,3
United States (US),A01K,10
China (CN),A47L,22
China (CN),B29L,4
China (CN),A46D,1
China (CN),B29B,1
China (CN),E21D,5
China (CN),B01D,20
China (CN),A61M,7
China (CN),A01M,3
China (CN),A01P,5
China (CN),A01N,5
China (CN),C02F,18
China (CN),B64D,6
China (CN),G01G,3
China (CN),B63B,1
China (CN),E21C,1
China (CN),Y02E,154
China (CN),C09K,6
France (FR),H05G,1
France (FR),A45C,1
France (FR),A45F,1
France (FR),F16L,3
France (FR),C08G,3
France (FR),B82Y,1
Czechia (CZ),G21G,1
Czechia (CZ),B01J,1
Czechia (CZ),B01D,1
Czechia (CZ),C10G,1
Czechia (CZ),H05H,1
Germany (DE),H04N,4
India (IN),C07F,1
South Korea (KR),C07F,5
Saudi Arabia (SA),C07F,2
Turkiye (TR),D10B,2
Turkiye (TR),C08L,8
Turkiye (TR),D03D,2
United States (US),D10B,1
United States (US),C08L,16
United States (US),D03D,1
United States (US),C08J,15
Turkiye (TR),F27B,2
Turkiye (TR),F27D,1
Turkiye (TR),F01B,1
Turkiye (TR),F16C,6
Turkiye (TR),F26B,3
China (CN),G16H,4
China (CN),A62D,1
China (CN),H01M,125
China (CN),B01F,5
China (CN),A23K,5
China (CN),F27B,3
China (CN),F23G,1
China (CN),C10J,1
China (CN),C08B,1
China (CN),B23K,6
Czechia (CZ),A63B,1
France (FR),B60W,7
France (FR),B60G,4
United States (US),G06Q,45
France (FR),B29K,12
Belgium (BE),B29K,1
Belgium (BE),B29C,2
United Kingdom (GB),B60R,1
France (FR),G01R,5
Iran (IR),A61L,3
Iran (IR),A61F,4
Iran (IR),A61K,7
Iran (IR),A01N,1
Iran (IR),A61P,2
Ecuador (EC),A61K,1
Ecuador (EC),A61P,1
Saudi Arabia (SA),G01C,1
Saudi Arabia (SA),H04W,3
Saudi Arabia (SA),G06Q,1
Italy (IT),B62J,1
Italy (IT),B62M,1
China (CN),B28B,3
China (CN),A63B,2
China (CN),F24F,15
Hong Kong (HK),Y02A,1
Hong Kong (HK),C12N,1
Hong Kong (HK),A61P,1
Hong Kong (HK),A61K,1
China (CN),A61H,8
China (CN),G01B,11
China (CN),G01C,11
China (CN),B64C,4
China (CN),G08G,6
China (CN),B61L,4
China (CN),B61C,2
France (FR),F42C,1
France (FR),F42B,1
Switzerland (CH),G16H,3
Spain (ES),G06Q,2
France (FR),C10K,5
France (FR),A61J,2
France (FR),G01F,1
France (FR),C01C,1
Saudi Arabia (SA),H04M,1
Japan (JP),A41D,2
Romania (RO),F17D,1
Romania (RO),H02G,1
Turkiye (TR),G21F,4
Turkiye (TR),B32B,5
Turkiye (TR),F04F,1
Turkiye (TR),A41B,2
Turkiye (TR),C08G,5
Turkiye (TR),C07F,1
Turkiye (TR),A21C,1
Belarus (BY),F01L,1
Belarus (BY),F02B,1
China (CN),G06K,3
France (FR),G02F,4
United States (US),A01M,2
United States (US),B32B,8
France (FR),B32B,11
Armenia (AM),G02C,1
Morocco (MA),C01B,2
Morocco (MA),C22B,1
Morocco (MA),C01G,1
Turkiye (TR),Y02T,2
Turkiye (TR),D21H,1
Turkiye (TR),B21D,4
Turkiye (TR),A01B,2
Turkiye (TR),A01C,4
United States (US),A41D,3
China (CN),A61G,2
China (CN),A47C,9
China (CN),C12Q,14
China (CN),C25C,2
China (CN),C25B,6
China (CN),C01F,3
China (CN),H02J,23
China (CN),Y04S,5
China (CN),C09D,9
China (CN),E21B,13
China (CN),G16Y,1
China (CN),A61Q,8
Iran (IR),A62D,1
Iran (IR),C08K,1
Iran (IR),C09D,1
Turkiye (TR),B23B,3
India (IN),B23B,1
India (IN),B23Q,1
India (IN),G05B,1
United States (US),G06F,98
China (CN),H02S,9
China (CN),A01B,1
China (CN),F16L,7
China (CN),C04B,11
China (CN),C10L,2
China (CN),F17C,1
Czechia (CZ),A61F,1
Switzerland (CH),A01K,5
Switzerland (CH),G06V,1
Switzerland (CH),A61C,1
Egypt (EG),A61M,1
Ireland (IE),A61M,3
France (FR),B27K,1
France (FR),C22C,8
France (FR),C21D,7
France (FR),B21D,4
France (FR),B23P,3
France (FR),B23K,3
Malaysia (MY),B01J,1
Malaysia (MY),C01B,1
Turkiye (TR),F03B,1
China (CN),E03F,6
China (CN),E01C,4
China (CN),B03D,1
China (CN),B03B,1
China (CN),G05B,8
China (CN),G16B,2
Turkiye (TR),C25C,1
Turkiye (TR),B01D,10
United Arab Emirates (AE),G06F,3
United Arab Emirates (AE),G06V,2
United Arab Emirates (AE),H04L,2
India (IN),F03D,1
India (IN),F05B,1
Serbia (RS),F16K,1
Serbia (RS),F04D,2
Turkiye (TR),G09G,3
Turkiye (TR),F21S,2
Turkiye (TR),F21W,1
Turkiye (TR),C10L,2
Turkiye (TR),B67C,1
Turkiye (TR),B05C,1
Turkiye (TR),B27F,1
Turkiye (TR),E05B,4
Iran (IR),A47L,1
Turkiye (TR),G09F,1
Turkiye (TR),H01G,3
Turkiye (TR),B23D,1
Turkiye (TR),B07C,1
Turkiye (TR),G07F,6
Turkiye (TR),B03B,1
China (CN),F27D,2
China (CN),A63H,1
Japan (JP),B01D,4
Japan (JP),F24F,3
Iran (IR),A23G,1
Iran (IR),F42D,1
Iran (IR),C06C,1
Iran (IR),A41B,1
North Korea (KP),G01S,1
North Korea (KP),H02K,1
South Korea (KR),F02B,3
South Korea (KR),F28D,4
South Korea (KR),Y02T,3
South Korea (KR),G16Y,2
South Korea (KR),F02M,1
South Korea (KR),F01P,1
Turkiye (TR),G05G,1
Turkiye (TR),E04F,1
Turkiye (TR),A45B,2
Turkiye (TR),B21J,2
Turkiye (TR),C11C,2
Turkiye (TR),C09K,4
Turkiye (TR),A23D,2
China (CN),F23L,1
China (CN),F23N,1
China (CN),F23K,1
China (CN),G05D,9
China (CN),C11B,2
China (CN),H04Q,2
Switzerland (CH),Y02E,1
Switzerland (CH),H02S,1
Switzerland (CH),F24S,1
Switzerland (CH),B60T,1
Switzerland (CH),F16D,1
Austria (AT),B60T,1
Austria (AT),F16D,1
Germany (DE),B60R,5
France (FR),B60Q,6
Switzerland (CH),A23L,2
Switzerland (CH),H01P,1
Turkiye (TR),B60F,2
Turkiye (TR),B64U,4
Turkiye (TR),A01M,5
Turkiye (TR),C25D,1
Turkiye (TR),F25D,3
Turkiye (TR),E04C,1
United States (US),H04M,4
Germany (DE),C07D,3
Germany (DE),A61Q,6
Germany (DE),C11B,1
France (FR),C22B,2
France (FR),F21S,12
China (CN),F21S,2
France (FR),A23B,1
Denmark (DK),B04B,1
Denmark (DK),F02M,1
Denmark (DK),B63H,1
Denmark (DK),C02F,1
Denmark (DK),B01D,1
Bahrain (BH),A41D,1
Turkiye (TR),H02N,2
Turkiye (TR),F01P,2
Turkiye (TR),G08G,8
Turkiye (TR),C01F,2
Turkiye (TR),C01D,1
Turkiye (TR),F01N,1
Turkiye (TR),G01P,1
Turkiye (TR),B67D,2
Turkiye (TR),F16H,5
Turkiye (TR),B60V,1
Chile (CL),A41H,1
Chile (CL),G09B,1
China (CN),C08F,17
China (CN),F16D,5
France (FR),B60H,9
France (FR),F16K,4
France (FR),A23C,1
France (FR),A23G,2
France (FR),C30B,3
Sweden (SE),C03B,1
Sweden (SE),C03C,1
United States (US),H01Q,7
United Kingdom (GB),H01Q,4
United Kingdom (GB),G06F,7
United Kingdom (GB),Artificial Intelligence,19
United Kingdom (GB),H04L,28
France (FR),B05B,5
Iran (IR),F21S,1
Iran (IR),H01H,1
Iran (IR),F16K,1
Iran (IR),A21C,2
Switzerland (CH),A44C,3
Iran (IR),D04G,1
Iran (IR),A47G,1
Iran (IR),G01N,2
India (IN),A61K,9
United States (US),E02D,2
United States (US),G01N,55
Turkiye (TR),E02D,3
Turkiye (TR),F16L,5
Turkiye (TR),F25B,4
Turkiye (TR),B66B,2
Turkiye (TR),C08B,2
Turkiye (TR),C08H,2
Turkiye (TR),C11B,1
China (CN),F03D,3
France (FR),F04D,1
France (FR),C21C,3
France (FR),C10M,5
France (FR),C10N,5
France (FR),C14C,1
Turkiye (TR),A46D,1
Turkiye (TR),A46B,1
Turkiye (TR),G06K,3
Turkiye (TR),B64D,3
Turkiye (TR),D04H,2
Turkiye (TR),C09J,1
Turkiye (TR),C09F,1
Turkiye (TR),G08B,4
Turkiye (TR),G21K,1
Turkiye (TR),B63G,2
Turkiye (TR),B63C,1
Iran (IR),H01L,1
Turkiye (TR),G01C,3
United States (US),H04W,110
United States (US),H04B,53
Chile (CL),C12N,5
Chile (CL),G16B,2
Chile (CL),C12Q,2
Chile (CL),C07H,1
China (CN),B06B,1
China (CN),A23L,6
China (CN),A23V,3
China (CN),F21W,1
China (CN),F21Y,2
Japan (JP),B08B,2
Japan (JP),A61L,2
Czechia (CZ),Y02E,3
Czechia (CZ),H01M,3
Czechia (CZ),A62C,1
Germany (DE),A23J,1
Germany (DE),C08L,3
Germany (DE),C07K,6
Germany (DE),A23L,1
Germany (DE),A23K,1
France (FR),A47J,1
Switzerland (CH),C12Q,2
France (FR),B65G,6
France (FR),A45D,3
Germany (DE),A61B,6
Switzerland (CH),A61F,2
France (FR),H05B,4
United States (US),H05B,4
Morocco (MA),H01M,1
France (FR),F25J,1
France (FR),D04H,2
France (FR),D01D,1
Germany (DE),B29D,1
Germany (DE),B29L,4
Germany (DE),D04H,1
Germany (DE),B60N,5
Germany (DE),D01F,1
Germany (DE),D01D,3
Germany (DE),B29C,12
Germany (DE),B29K,3
Georgia (GE),F41A,1
Chile (CL),B21D,1
Chile (CL),F17C,1
Chile (CL),B01J,1
Chile (CL),B23P,1
Switzerland (CH),C10B,1
Switzerland (CH),Y02P,2
Switzerland (CH),C10G,1
Brazil (BR),C10B,3
Brazil (BR),Y02P,1
France (FR),Y02P,1
Italy (IT),E04B,1
Italy (IT),D04H,1
Japan (JP),C07C,2
Japan (JP),C07D,5
Turkiye (TR),E05Y,1
Turkiye (TR),E05D,1
The Netherlands (NL),G06T,3
The Netherlands (NL),G06Q,2
China (CN),H04W,419
China (CN),H04L,236
China (CN),G01S,30
France (FR),C13K,1
Austria (AT),B65B,1
Austria (AT),B67C,1
France (FR),B07B,1
Japan (JP),H04R,1
Turkiye (TR),C09B,2
United States (US),F16K,7
United States (US),G02C,4
United States (US),G02B,22
Brazil (BR),B62D,1
Brazil (BR),B65D,1
China (CN),F26B,5
France (FR),A23P,1
The Netherlands (NL),H04W,3
The Netherlands (NL),H04L,2
Germany (DE),G01S,33
Germany (DE),H04W,69
Germany (DE),H04L,51
France (FR),B07C,1
Switzerland (CH),C07K,12
France (FR),B05D,2
France (FR),C09D,3
Germany (DE),G06N,15
Germany (DE),Artificial Intelligence,37
Spain (ES),B65B,1
Spain (ES),B65G,1
France (FR),A44B,1
Switzerland (CH),A45C,2
Switzerland (CH),D06F,1
India (IN),A61M,8
Canada (CA),Artificial Intelligence,16
Canada (CA),G06T,4
United States (US),G06T,48
Switzerland (CH),G06T,4
Australia (AU),C25B,1
Australia (AU),H01M,1
China (CN),H04J,3
China (CN),G09G,15
China (CN),B23Q,2
China (CN),H03M,2
China (CN),A24D,2
China (CN),A24F,11
China (CN),A41D,1
China (CN),A44C,2
China (CN),G09F,6
China (CN),H01J,2
United Kingdom (GB),H04W,31
United Kingdom (GB),G01S,6
United Kingdom (GB),G06N,9
Turkiye (TR),B01L,9
Turkiye (TR),A63F,4
Turkiye (TR),C25B,2
Turkiye (TR),A43B,4
Turkiye (TR),A63C,1
Turkiye (TR),C12M,7
United States (US),B25H,1
United States (US),H03M,3
United States (US),G02F,4
Chile (CL),F16B,1
Chile (CL),B02C,1
China (CN),B03C,2
Czechia (CZ),C25B,1
United Kingdom (GB),H04B,5
Germany (DE),H04B,13
United States (US),G01S,19
Greece (GR),G06F,1
Greece (GR),H04L,5
Greece (GR),H02J,2
Greece (GR),H04W,7
United Kingdom (GB),H04M,2
United Kingdom (GB),H04N,3
France (FR),G03B,1
Canada (CA),C08J,1
Canada (CA),C08F,1
United States (US),C08F,7
France (FR),A24F,4
Spain (ES),G06F,4
Spain (ES),Artificial Intelligence,5
Spain (ES),H04L,5
Switzerland (CH),D01G,1
France (FR),H10K,1
France (FR),A01B,2
France (FR),B29B,9
France (FR),B65B,2
Spain (ES),Y02E,1
Spain (ES),F03D,1
Morocco (MA),B60L,1
France (FR),H02G,2
France (FR),B08B,1
France (FR),B44C,1
Iran (IR),G06V,2
Iran (IR),G07F,1
Turkiye (TR),B03C,1
Iran (IR),B03C,1
Iran (IR),F24D,1
Iran (IR),F25B,1
Turkiye (TR),B21K,1
Turkiye (TR),F41C,3
Turkiye (TR),C01P,2
Turkiye (TR),C01G,1
Saudi Arabia (SA),B01F,1
Saudi Arabia (SA),B01L,1
Saudi Arabia (SA),C12M,2
Turkiye (TR),B23P,2
France (FR),H02P,3
Austria (AT),H02P,1
Austria (AT),G05B,1
Austria (AT),H02J,2
United States (US),C12N,60
United States (US),C12R,3
United States (US),C12P,9
United States (US),Y02D,4
Brazil (BR),A61Q,2
Brazil (BR),A61K,4
Brazil (BR),A61P,1
Chile (CL),B09B,3
Chile (CL),C22B,2
Chile (CL),C12M,1
Chile (CL),B01D,1
China (CN),G02B,20
China (CN),B61K,1
China (CN),G01T,1
Egypt (EG),F02B,1
Switzerland (CH),D01F,1
Switzerland (CH),D02G,1
France (FR),A44C,1
France (FR),D02G,1
France (FR),H01R,1
Switzerland (CH),B23D,1
Switzerland (CH),B24D,1
Germany (DE),F21S,3
Germany (DE),F21W,1
France (FR),F21W,2
Switzerland (CH),D01C,1
Switzerland (CH),D01B,1
France (FR),C08K,5
France (FR),C01F,1
France (FR),H01B,2
France (FR),F23D,1
France (FR),F23C,2
India (IN),C04B,1
France (FR),D03D,2
France (FR),D06H,1
France (FR),F01D,6
Serbia (RS),A01K,1
Turkiye (TR),B28D,1
Turkiye (TR),D01H,2
Turkiye (TR),B60Q,3
Turkiye (TR),Y02A,2
Turkiye (TR),A61D,1
United States (US),A61B,101
Turkiye (TR),A23P,1
Turkiye (TR),F04B,2
China (CN),B60T,3
Japan (JP),B05B,2
Japan (JP),C25B,1
China (CN),B61H,1
Greece (GR),Y02D,1
Germany (DE),F16L,2
Switzerland (CH),A46B,1
Germany (DE),B29B,3
France (FR),A46B,1
Iran (IR),H02K,1
Turkiye (TR),F24D,2
Turkiye (TR),G01B,4
Bahrain (BH),B60N,1
Turkiye (TR),B06B,1
Turkiye (TR),H02K,3
Brazil (BR),F28D,2
Brazil (BR),C10J,2
Brazil (BR),B09B,2
Brazil (BR),F23G,2
Chile (CL),F28D,2
Chile (CL),C10J,2
Chile (CL),C10B,2
Chile (CL),F23G,2
China (CN),C03C,2
The Netherlands (NL),B01D,2
United States (US),Y02E,15
France (FR),C05F,1
Slovenia (SI),A63B,1
Switzerland (CH),A23K,1
France (FR),C07F,1
France (FR),F24F,1
The Netherlands (NL),B25J,1
The Netherlands (NL),A61L,1
The Netherlands (NL),G05D,1
Iran (IR),C04B,1
Switzerland (CH),G11C,1
Germany (DE),G06F,23
Germany (DE),G11C,1
Germany (DE),H01Q,3
Serbia (RS),A61K,1
Serbia (RS),C07H,1
Serbia (RS),C07C,1
Serbia (RS),A61P,1
Turkiye (TR),E05F,2
Turkiye (TR),B61B,1
Turkiye (TR),B64F,3
Turkiye (TR),F24F,2
Turkiye (TR),B81C,1
China (CN),F03B,3
China (CN),E02B,3
China (CN),F04B,7
China (CN),B01L,1
France (FR),A61G,2
France (FR),B60B,1
France (FR),A47C,1
France (FR),D10B,1
Iran (IR),G08B,1
France (FR),A01D,1
Canada (CA),H04B,8
Canada (CA),H04L,15
Serbia (RS),G06F,1
Serbia (RS),Artificial Intelligence,1
Serbia (RS),C03C,1
Serbia (RS),B24C,1
Turkiye (TR),A45C,1
Turkiye (TR),F05D,1
Bahrain (BH),F16F,1
Turkiye (TR),F16K,3
Turkiye (TR),C11D,7
France (FR),G01J,3
France (FR),F27D,3
France (FR),C21B,1
Canada (CA),A01G,1
France (FR),C25D,1
Tunisia (TN),A01K,1
Japan (JP),E03C,7
Japan (JP),A47K,3
Japan (JP),F16K,1
Japan (JP),A61H,3
Japan (JP),B01F,1
The Netherlands (NL),E03C,1
Turkiye (TR),G16Y,1
Turkiye (TR),C22F,2
Turkiye (TR),D01G,1
Turkiye (TR),H10K,2
France (FR),G21K,2
United States (US),C30B,2
United States (US),C09K,4
United States (US),G21K,1
Chile (CL),C08F,1
Chile (CL),C07F,1
China (CN),B32B,6
China (CN),F25C,1
China (CN),F28F,3
China (CN),F25B,7
China (CN),C07F,5
Egypt (EG),F16H,1
Singapore (SG),G06Q,1
France (FR),A23V,1
France (FR),B60C,6
Switzerland (CH),F16M,1
Switzerland (CH),B65G,1
Switzerland (CH),B29C,2
Slovenia (SI),C12Y,1
Slovenia (SI),C12P,1
Slovenia (SI),C12N,1
France (FR),B30B,1
Spain (ES),C07C,1
France (FR),B22C,2
France (FR),F03D,1
France (FR),F05B,1
Japan (JP),G01R,3
Kenya (KE),A63F,1
Montenegro (ME),F03D,1
Montenegro (ME),F03B,1
Turkiye (TR),C07H,1
Chile (CL),A01B,1
Chile (CL),B62D,1
Chile (CL),G06Q,1
China (CN),H02M,16
Hong Kong (HK),B01J,1
Hong Kong (HK),C02F,1
Canada (CA),B01J,2
United Kingdom (GB),A61F,4
France (FR),A24D,5
France (FR),A24C,2
France (FR),A24B,5
Luxembourg (LU),A24D,1
Luxembourg (LU),A24C,1
Luxembourg (LU),A24F,1
Luxembourg (LU),A24B,1
Spain (ES),A01N,1
France (FR),E21B,1
France (FR),F24T,2
Canada (CA),H04W,10
Canada (CA),G06N,8
Canada (CA),G01S,4
Poland (PL),E04B,1
Poland (PL),F16B,1
Poland (PL),E04F,2
Sweden (SE),D10B,1
Sweden (SE),B01J,1
Sweden (SE),C08G,1
Sweden (SE),B01D,2
Sweden (SE),C07C,1
Sweden (SE),C08J,1
Turkiye (TR),B23C,1
Turkiye (TR),D06C,1
Turkiye (TR),F04C,1
Turkiye (TR),E21B,1
Turkiye (TR),G01G,1
Turkiye (TR),D06P,2
Turkiye (TR),F24T,1
Chile (CL),A61K,2
Chile (CL),A61P,2
Chile (CL),A01P,1
Chile (CL),A01N,1
Chile (CL),F26B,1
Chile (CL),B08B,1
Chile (CL),B29B,1
Chile (CL),G05D,1
China (CN),F24S,4
China (CN),B60N,5
China (CN),A01K,2
Poland (PL),G01N,3
Poland (PL),C07K,3
France (FR),B68G,1
France (FR),B65H,1
Vietnam (VN),A61B,1
Vietnam (VN),A61N,1
Canada (CA),A61B,3
Canada (CA),A61N,2
Germany (DE),H03M,1
Canada (CA),H03M,2
India (IN),H02S,2
India (IN),H10K,1
India (IN),A01G,1
India (IN),B32B,2
India (IN),A61C,1
Japan (JP),H01Q,5
Montenegro (ME),G01F,1
Montenegro (ME),G01M,1
Montenegro (ME),Artificial Intelligence,1
Montenegro (ME),G06F,1
Turkiye (TR),A23G,1
Turkiye (TR),C21B,1
Turkiye (TR),C21C,2
Turkiye (TR),G03B,1
Turkiye (TR),H01J,1
Turkiye (TR),A47F,2
Turkiye (TR),F21L,1
Turkiye (TR),A23K,1
Turkiye (TR),B26F,1
Turkiye (TR),F41B,1
Switzerland (CH),A61Q,2
Chile (CL),C09J,1
Chile (CL),B32B,1
Chile (CL),B27N,1
Chile (CL),C12F,1
Chile (CL),A23L,1
China (CN),A24C,1
Hong Kong (HK),H04N,2
China (CN),B05D,3
China (CN),G10H,1
China (CN),G10G,1
France (FR),B25B,1
France (FR),G01L,1
France (FR),G09G,1
Liechtenstein (LI),G01C,1
Austria (AT),G01C,2
France (FR),F23J,1
France (FR),F23L,1
France (FR),F23N,1
France (FR),G16C,1
Germany (DE),G01D,1
Germany (DE),G01J,1
France (FR),G06K,3
France (FR),C22F,1
Montenegro (ME),G01N,1
Montenegro (ME),A01K,2
Iran (IR),F17D,1
Israel (IL),H04L,2
India (IN),B60S,1
India (IN),G06Q,3
India (IN),G08G,1
India (IN),B07C,1
India (IN),G07D,1
India (IN),A61P,7
South Korea (KR),H04N,27
Turkiye (TR),B60J,1
Turkiye (TR),B67B,1
Turkiye (TR),A47D,1
Turkiye (TR),A01H,1
Turkiye (TR),F41J,1
Turkiye (TR),A21B,1
Turkiye (TR),A47K,3
Turkiye (TR),C23G,1
Turkiye (TR),H03M,2
Turkiye (TR),C10M,1
Turkiye (TR),F03G,1
Turkiye (TR),F17C,2
Turkiye (TR),B81B,1
Turkiye (TR),F28F,1
Turkiye (TR),F41F,1
Turkiye (TR),G08C,1
Turkiye (TR),G01T,1
Turkiye (TR),B44C,1
Turkiye (TR),B09C,1
Turkiye (TR),G10D,1
Turkiye (TR),B60D,1
Turkiye (TR),B60S,2
Turkiye (TR),B66F,1
Turkiye (TR),G16C,1
Turkiye (TR),G01H,1
Turkiye (TR),B61K,1
Turkiye (TR),B02C,1
Turkiye (TR),A47H,1
Turkiye (TR),D03C,1
Colombia (CO),B65B,1
Colombia (CO),A61J,1
Brazil (BR),C12H,1
Brazil (BR),C07H,1
Brazil (BR),A01D,1
Brazil (BR),C12N,2
Brazil (BR),C12R,1
Brazil (BR),A01G,1
Brazil (BR),C12P,1
Brazil (BR),D06N,1
Brazil (BR),G01N,1
Brazil (BR),G01M,1
Brazil (BR),C22B,1
Brazil (BR),F42B,1
Brazil (BR),B64D,1
Brazil (BR),F41F,1
Brazil (BR),B64U,1
Brazil (BR),F41A,1
Brazil (BR),F42C,1
Canada (CA),F01C,1
Canada (CA),F02G,1
Canada (CA),B65D,1
United States (US),C07B,2
United Kingdom (GB),C07D,6
United Kingdom (GB),C07B,1
United Kingdom (GB),A61P,16
United Kingdom (GB),A61K,14
Canada (CA),G10K,1
Canada (CA),H04R,1
Canada (CA),A63F,1
Canada (CA),G06V,6
Canada (CA),G09B,1
Canada (CA),G01J,1
Canada (CA),A42B,1
Canada (CA),G08B,1
Canada (CA),G01H,1
Canada (CA),A23L,1
Canada (CA),A47J,1
Canada (CA),F22B,1
Canada (CA),H02S,1
Canada (CA),F01D,1
Canada (CA),F24S,1
Canada (CA),Y02E,3
Canada (CA),G06Q,1
Canada (CA),A47C,1
Canada (CA),A61K,5
Canada (CA),C07D,3
Canada (CA),A61P,5
Canada (CA),H02M,1
Canada (CA),G01B,1
Canada (CA),B25B,1
China (CN),C07H,2
China (CN),G01L,4
China (CN),B81C,2
United States (US),E04G,2
China (CN),H10K,14
China (CN),C12M,3
China (CN),B04B,1
China (CN),H01G,2
China (CN),H01R,8
China (CN),B05C,2
China (CN),A62C,2
China (CN),B23D,1
China (CN),B60R,11
Taiwan (TW),G06T,1
Taiwan (TW),H04N,1
China (CN),H05B,5
Taiwan (TW),C10B,1
China (CN),G11C,21
Taiwan (TW),A61N,1
Denmark (DK),H04L,1
Finland (FI),H04L,7
China (CN),G10L,7
China (CN),H04S,1
Taiwan (TW),B01D,1
Taiwan (TW),F23G,1
China (CN),B63C,1
China (CN),B23P,3
Hong Kong (HK),B08B,1
Hong Kong (HK),B60S,1
China (CN),A61J,3
China (CN),B25F,2
China (CN),A61N,4
Taiwan (TW),H04W,2
Poland (PL),H04L,1
China (CN),A46B,1
China (CN),A61L,7
China (CN),H04R,4
China (CN),C07B,3
China (CN),A01H,1
China (CN),H10B,22
China (CN),E05B,3
China (CN),E05F,1
China (CN),B67D,1
China (CN),E05D,3
China (CN),F16B,1
Hong Kong (HK),H02K,2
Hong Kong (HK),G02B,2
Hong Kong (HK),G03B,2
Hong Kong (HK),Y02D,1
China (CN),F04D,6
China (CN),C01G,4
China (CN),F25D,3
China (CN),E05C,1
China (CN),B66F,1
China (CN),B60W,6
China (CN),G21D,1
China (CN),B25D,1
China (CN),E06B,2
China (CN),H03K,8
China (CN),B60Q,4
China (CN),H03H,1
China (CN),C09J,11
China (CN),A63F,5
China (CN),G16C,2
China (CN),E01F,1
China (CN),B60M,1
China (CN),F28D,2
China (CN),A61C,2
China (CN),A61F,7
China (CN),B28D,2
China (CN),C10B,3
China (CN),G21C,4
China (CN),G04G,2
China (CN),G04C,1
China (CN),B29K,1
China (CN),D03D,2
China (CN),F16K,6
China (CN),F16J,2
China (CN),E21F,2
China (CN),G01P,2
China (CN),C08H,1
China (CN),C11C,1
China (CN),A23D,1
China (CN),F01N,1
China (CN),C11D,1
China (CN),B60H,2
China (CN),B60J,3
China (CN),B27J,1
China (CN),D01B,1
China (CN),D21B,1
China (CN),A45D,2
China (CN),F41G,1
China (CN),F21V,2
China (CN),G03B,6
China (CN),B66C,5
China (CN),F05B,2
China (CN),H02N,1
China (CN),H02G,1
China (CN),B60P,1
China (CN),F24C,2
China (CN),F17D,1
China (CN),B21B,1
China (CN),H01S,3
China (CN),G01J,4
China (CN),G03F,2
China (CN),G10K,2
China (CN),A47J,3
China (CN),A24B,1
China (CN),F16N,2
China (CN),A41F,1
China (CN),A44B,2
China (CN),H01B,2
Taiwan (TW),H01R,1
China (CN),G11B,1
China (CN),B24B,2
China (CN),B62D,7
China (CN),B61F,2
Taiwan (TW),C12P,1
Taiwan (TW),C07K,1
Taiwan (TW),A61K,1
China (CN),G02F,3
China (CN),D10B,1
China (CN),D06M,1
China (CN),B64F,2
China (CN),B67C,1
China (CN),C40B,1
United States (US),A61F,21
United States (US),A61G,4
Taiwan (TW),A43B,1
Taiwan (TW),A61F,1
China (CN),H10N,1
Ireland (IE),C12N,1
Ireland (IE),A61P,3
Ireland (IE),C07K,1
Ireland (IE),A61K,3
China (CN),F03H,4
China (CN),H05H,1
Hong Kong (HK),C08F,1
Taiwan (TW),H04B,1
Hong Kong (HK),Artificial Intelligence,2
Hong Kong (HK),G06V,2
China (CN),B81B,2
Sweden (SE),G06F,4
China (CN),B41F,1
United States (US),F25D,2
China (CN),B66D,1
Colombia (CO),F16C,1
Colombia (CO),F04B,1
Colombia (CO),F16M,1
Czechia (CZ),F21V,1
Czechia (CZ),H01J,1
Germany (DE),F03D,5
Germany (DE),F05B,4
Germany (DE),A62C,2
Germany (DE),H01M,17
Germany (DE),H05B,5
Germany (DE),H10K,3
Germany (DE),B22F,6
Germany (DE),B33Y,6
Denmark (DK),A61B,7
Denmark (DK),A22C,1
Denmark (DK),F03D,5
Denmark (DK),F05B,2
Denmark (DK),G01B,1
Denmark (DK),G01M,1
United Arab Emirates (AE),G09F,1
France (FR),G09F,3
United Kingdom (GB),B60L,4
United Kingdom (GB),H01M,4
United Kingdom (GB),Y02E,3
The Netherlands (NL),G01R,1
United States (US),H01H,2
India (IN),H01H,1
Italy (IT),Artificial Intelligence,3
Italy (IT),H04L,3
Austria (AT),G03F,1
Austria (AT),B44B,1
Austria (AT),B41F,1
Sweden (SE),G05B,2
Sweden (SE),B25J,1
Sweden (SE),Artificial Intelligence,8
Germany (DE),A61L,3
Croatia (HR),G08B,1
Italy (IT),H04J,1
Italy (IT),H04B,1
Finland (FI),B66B,6
Sweden (SE),H04W,20
Spain (ES),H02K,2
Italy (IT),B65C,1
Germany (DE),B63B,3
Ireland (IE),G06Q,1
Austria (AT),G06N,1
Austria (AT),Artificial Intelligence,1
Sweden (SE),H02M,1
Sweden (SE),C25B,1
Switzerland (CH),A61P,6
The Netherlands (NL),G01B,1
Germany (DE),B60T,5
Germany (DE),F16D,5
Finland (FI),H04N,3
Germany (DE),B81C,1
Germany (DE),C11D,2
Germany (DE),B65B,2
Portugal (PT),H02J,1
Germany (DE),B61C,2
The Netherlands (NL),A47L,6
Finland (FI),H04R,1
Finland (FI),H04S,4
Finland (FI),H04M,1
Austria (AT),H04L,2
Austria (AT),H04W,3
Germany (DE),B62D,6
India (IN),C23C,1
The Netherlands (NL),G02B,8
The Netherlands (NL),F21S,8
The Netherlands (NL),F21Y,18
France (FR),F25B,3
Poland (PL),B60K,1
Poland (PL),B60H,1
Poland (PL),F01P,1
Germany (DE),C25B,2
The Netherlands (NL),H02H,1
Germany (DE),G06Q,8
Switzerland (CH),F25C,1
United States (US),G03F,3
Germany (DE),G06T,3
Germany (DE),H03K,5
Germany (DE),B60K,9
Denmark (DK),F25B,2
Germany (DE),B41J,3
Germany (DE),B67C,2
Germany (DE),B65G,6
Germany (DE),G16H,3
Germany (DE),F17C,1
Germany (DE),Y02E,2
Switzerland (CH),E04G,1
Switzerland (CH),B66B,1
Germany (DE),B32B,5
Germany (DE),G01K,1
Italy (IT),C08F,1
Sweden (SE),H04L,12
Hungary (HU),H04L,3
Germany (DE),F16T,1
Norway (NO),E21B,3
Denmark (DK),Y02E,1
Czechia (CZ),H04W,1
Germany (DE),E03C,2
Denmark (DK),F04D,1
Denmark (DK),F05D,1
Germany (DE),C08K,2
Germany (DE),H01B,2
Germany (DE),C01B,2
Germany (DE),B08B,1
The Netherlands (NL),F21V,11
The Netherlands (NL),B33Y,3
Denmark (DK),A61C,2
Germany (DE),Y02W,1
Germany (DE),C22B,3
Germany (DE),C25C,1
The Netherlands (NL),B29C,2
The Netherlands (NL),A01G,2
The Netherlands (NL),G08B,3
The Netherlands (NL),F21K,5
Germany (DE),F26B,3
Germany (DE),C08J,2
Belgium (BE),F26B,1
Belgium (BE),B29B,1
Belgium (BE),C08J,1
Germany (DE),C08F,2
Brazil (BR),C08F,1
United Kingdom (GB),B60H,2
Germany (DE),G08B,3
Germany (DE),G08G,1
Germany (DE),B60W,7
The Netherlands (NL),H04B,2
Germany (DE),B01D,4
Finland (FI),F16L,1
Finland (FI),H02G,1
Finland (FI),E04B,1
Sweden (SE),H04M,2
Spain (ES),H04M,1
Spain (ES),H04W,6
France (FR),E05D,1
Sweden (SE),F04D,1
Germany (DE),H04R,1
Norway (NO),G10L,1
United States (US),A61M,39
Belgium (BE),C25B,3
The Netherlands (NL),A61B,13
India (IN),C10G,3
India (IN),B01J,3
The Netherlands (NL),C10G,2
The Netherlands (NL),B01J,2
Germany (DE),H01L,6
Germany (DE),C23C,5
Denmark (DK),Y02W,1
Denmark (DK),C07C,1
Denmark (DK),B01J,1
Denmark (DK),C08J,1
Taiwan (TW),G02F,3
Germany (DE),H05K,3
Germany (DE),C07H,1
Belgium (BE),G01N,1
Poland (PL),C07F,2
Belgium (BE),C07F,1
Spain (ES),B63B,1
Germany (DE),B21H,1
Germany (DE),E06B,4
Austria (AT),B23K,2
Germany (DE),C09D,1
Germany (DE),C09J,2
Germany (DE),G02B,8
Germany (DE),C08G,1
Spain (ES),G16H,1
Spain (ES),G06T,1
Spain (ES),G06V,2
Germany (DE),B65D,2
Germany (DE),H02P,5
Germany (DE),F04D,3
The Netherlands (NL),G16H,6
Switzerland (CH),B28C,1
Switzerland (CH),F42D,1
Switzerland (CH),B08B,1
Sweden (SE),H01M,2
Sweden (SE),Y02E,1
Taiwan (TW),E06B,2
Taiwan (TW),C09K,1
Denmark (DK),G16H,1
Norway (NO),G05B,1
Spain (ES),A47B,2
Spain (ES),B32B,2
Spain (ES),C12M,1
United Kingdom (GB),B63B,3
United Kingdom (GB),F16G,2
United Kingdom (GB),G09F,1
Belgium (BE),F16L,1
Belgium (BE),E03F,1
United Kingdom (GB),A61Q,4
China (CN),D06N,1
Finland (FI),C01P,3
Finland (FI),H01M,3
Finland (FI),C01G,2
Finland (FI),Y02E,1
Belgium (BE),C01P,2
Belgium (BE),H01M,1
Belgium (BE),C01G,2
United States (US),B29D,2
United States (US),C09D,9
United Kingdom (GB),A01P,6
United Kingdom (GB),A01N,7
France (FR),C07J,1
Germany (DE),G06V,5
Germany (DE),A01B,1
Finland (FI),C09C,1
Switzerland (CH),C09C,1
Switzerland (CH),C01P,1
Poland (PL),B65D,1
Germany (DE),B65H,3
United States (US),H04S,6
United States (US),G10H,2
United States (US),H04R,7
Germany (DE),E05Y,3
Germany (DE),E05F,3
France (FR),E04B,2
France (FR),E04C,1
United States (US),E04F,2
United States (US),B05B,4
United States (US),E04B,1
United States (US),E04C,2
France (FR),G03H,1
Denmark (DK),A61P,1
Denmark (DK),A61N,1
Denmark (DK),C12Y,1
Denmark (DK),A61K,1
Denmark (DK),C12N,1
Belgium (BE),G06V,1
Belgium (BE),Artificial Intelligence,3
Belgium (BE),G06N,3
The Netherlands (NL),A61Q,2
The Netherlands (NL),A61K,3
Switzerland (CH),A24F,4
Germany (DE),B31B,1
Germany (DE),G01N,9
The Netherlands (NL),B66B,1
The Netherlands (NL),C07K,1
The Netherlands (NL),Y02A,1
The Netherlands (NL),A01H,1
The Netherlands (NL),C12N,2
France (FR),H05H,1
Germany (DE),A24D,1
Germany (DE),A24F,1
Belgium (BE),A24D,1
Belgium (BE),A24F,1
United Kingdom (GB),A24D,3
United Kingdom (GB),A24F,11
South Korea (KR),C01D,3
South Korea (KR),Y02E,17
Germany (DE),C08B,1
Poland (PL),B33Y,1
Poland (PL),B22F,1
Poland (PL),C03B,1
Germany (DE),C07C,1
Spain (ES),C07K,1
Spain (ES),A61P,3
Poland (PL),A61P,1
India (IN),H04W,12
Hungary (HU),H04W,3
France (FR),E01B,2
France (FR),E01C,1
India (IN),G06T,2
India (IN),Artificial Intelligence,9
Denmark (DK),A61M,4
Denmark (DK),F16K,1
Denmark (DK),H01F,1
Germany (DE),C12N,6
United Kingdom (GB),A61M,8
Italy (IT),A61P,2
Norway (NO),A61P,2
Norway (NO),A61K,2
Italy (IT),C07K,1
Austria (AT),G08G,1
Austria (AT),G05D,1
Spain (ES),C12N,1
Austria (AT),A01N,1
China (CN),B60Y,1
United Kingdom (GB),C07K,6
France (FR),C12Q,1
Sweden (SE),G06T,3
Sweden (SE),H04N,2
Luxembourg (LU),C01B,1
Luxembourg (LU),C09C,1
Luxembourg (LU),C01P,1
Luxembourg (LU),B82Y,1
United Kingdom (GB),A24C,1
United Kingdom (GB),A24B,2
Norway (NO),H04R,1
Norway (NO),G02C,1
The Netherlands (NL),H04R,2
The Netherlands (NL),G02C,2
Switzerland (CH),A01N,2
Switzerland (CH),A01P,2
Switzerland (CH),C07C,2
Switzerland (CH),C07D,3
India (IN),A01N,5
India (IN),A01P,3
India (IN),C07C,3
India (IN),C07D,6
Switzerland (CH),F02M,1
Norway (NO),C07K,1
Norway (NO),C07D,1
Belgium (BE),C07K,3
Belgium (BE),C07D,1
United Kingdom (GB),A23G,1
United Kingdom (GB),A23P,1
United Kingdom (GB),A23L,2
United Kingdom (GB),C12N,10
Singapore (SG),C07K,6
Singapore (SG),A61P,6
Germany (DE),B82Y,1
Switzerland (CH),G01F,1
Switzerland (CH),H04J,1
Spain (ES),C12P,1
Spain (ES),A61K,1
Spain (ES),A01M,2
Spain (ES),F24H,1
Spain (ES),A63B,1
Singapore (SG),B66B,1
Finland (FI),E06B,1
Finland (FI),G07C,1
Germany (DE),F27B,2
Finland (FI),G02B,1
Finland (FI),F16K,1
Finland (FI),F16F,1
Finland (FI),C01D,1
Finland (FI),Y02P,1
Finland (FI),D01D,1
Finland (FI),C08B,1
Finland (FI),D01F,1
Finland (FI),F25D,1
Finland (FI),A47F,1
Finland (FI),F25B,1
Finland (FI),B63H,1
Finland (FI),A63B,1
Finland (FI),A61B,2
France (FR),F41H,1
United Kingdom (GB),A61L,4
United Kingdom (GB),B65B,3
South Korea (KR),H02M,4
South Korea (KR),H02J,5
United Kingdom (GB),A61B,4
United Kingdom (GB),A61N,1
United Kingdom (GB),F03G,1
United Kingdom (GB),A46B,2
United Kingdom (GB),A61C,1
United Kingdom (GB),A61D,1
United Kingdom (GB),G06T,3
United Kingdom (GB),C07C,2
United Kingdom (GB),C25B,2
United Kingdom (GB),B27N,1
United Kingdom (GB),D21H,1
Ireland (IE),G01R,1
Ireland (IE),G01N,1
United Kingdom (GB),F24C,1
United Kingdom (GB),A47J,2
United Kingdom (GB),B23B,2
United Kingdom (GB),B25J,2
United Kingdom (GB),G05B,3
United Kingdom (GB),B82Y,4
United Kingdom (GB),C01G,2
United Kingdom (GB),C09K,4
United Kingdom (GB),C01P,5
United Kingdom (GB),C01B,3
United Kingdom (GB),C30B,3
Thailand (TH),C01B,1
France (FR),E01D,2
Germany (DE),G06K,1
Saudi Arabia (SA),E21B,6
Bahrain (BH),E21B,1
Portugal (PT),B41M,1
Portugal (PT),B42D,1
Brazil (BR),F04D,1
Brazil (BR),F16D,1
Iran (IR),A61M,1
Poland (PL),G06K,2
Saudi Arabia (SA),C12N,1
Saudi Arabia (SA),A61L,1
India (IN),B65B,2
India (IN),F01P,1
France (FR),A63C,1
India (IN),G08C,1
India (IN),B66B,3
Israel (IL),H04N,2
Israel (IL),G06V,3
Israel (IL),G11B,1
India (IN),G16Y,2
India (IN),G10L,1
Israel (IL),A61B,6
United States (US),C12Q,23
India (IN),E04G,1
Belgium (BE),B01D,1
United Kingdom (GB),A45D,4
Japan (JP),G08G,4
Japan (JP),B60W,5
Japan (JP),B60K,3
Japan (JP),B62J,1
United Arab Emirates (AE),Artificial Intelligence,2
United Arab Emirates (AE),G10L,1
United Arab Emirates (AE),G06N,1
Israel (IL),G06Q,2
New Zealand (NZ),B65D,1
United States (US),F23D,3
Poland (PL),A61K,1
Poland (PL),C07D,2
Poland (PL),C07C,1
India (IN),B65G,1
India (IN),B65H,1
India (IN),C01B,3
Italy (IT),B31B,1
Italy (IT),A01G,1
Italy (IT),A47G,1
Italy (IT),B65D,1
Italy (IT),G01R,1
United States (US),B65G,4
India (IN),G06N,3
United States (US),B67B,1
United States (US),B21D,1
Japan (JP),B60Y,1
Belgium (BE),A61K,3
Belgium (BE),A61P,3
Ireland (IE),A61B,2
Ireland (IE),B06B,1
Germany (DE),B06B,3
Ireland (IE),G01S,1
Canada (CA),G06F,5
Switzerland (CH),C25B,1
Norway (NO),C01B,1
Norway (NO),C25B,1
Switzerland (CH),C05C,1
Switzerland (CH),C01C,1
Norway (NO),Y02P,1
Norway (NO),C05C,1
Norway (NO),C01C,1
Israel (IL),B41J,1
Israel (IL),B41M,1
Canada (CA),C10G,1
Canada (CA),C07C,1
United States (US),B60R,6
Israel (IL),H02J,1
Israel (IL),H02M,1
Italy (IT),B60Q,1
Italy (IT),B62D,1
Switzerland (CH),C22C,1
Italy (IT),A44C,1
Italy (IT),C22C,1
The Netherlands (NL),A61F,1
Israel (IL),A61F,2
Singapore (SG),G01N,2
Singapore (SG),A61K,2
Israel (IL),G01B,1
Israel (IL),G01N,3
Indonesia (ID),H04W,1
Indonesia (ID),H04L,1
India (IN),F24D,1
India (IN),F24F,1
Sweden (SE),G06N,5
Israel (IL),G09G,1
Portugal (PT),A61Q,1
Portugal (PT),A61K,1
Poland (PL),A01G,1
Poland (PL),G09F,1
Switzerland (CH),C12N,2
Switzerland (CH),C12P,1
Canada (CA),H01P,1
Iran (IR),C22C,1
United States (US),B02C,2
Switzerland (CH),A61N,2
Israel (IL),B29C,1
Israel (IL),B33Y,1
Israel (IL),C09B,1
Israel (IL),C07H,1
Israel (IL),C07F,1
Israel (IL),C09K,1
Israel (IL),C07D,2
Israel (IL),C07K,2
Israel (IL),B65B,1
Israel (IL),B25J,1
Israel (IL),A41H,1
Israel (IL),A01M,2
Israel (IL),A61N,2
Israel (IL),C25B,2
Israel (IL),Y02E,2
Israel (IL),H01M,2
Israel (IL),C12P,1
Israel (IL),C12N,3
Israel (IL),B82Y,1
Israel (IL),G02B,2
Israel (IL),G21K,1
Israel (IL),A01N,3
Israel (IL),A01P,1
Israel (IL),A45D,1
Israel (IL),B60S,1
Israel (IL),B60H,1
Israel (IL),E03B,1
Israel (IL),B64D,1
Israel (IL),B60N,1
Israel (IL),B23P,1
Israel (IL),F16F,1
Israel (IL),C08H,1
Israel (IL),C07C,1
Israel (IL),C01B,1
Israel (IL),B01J,1
Israel (IL),F16B,1
Israel (IL),H02G,1
India (IN),H05K,1
India (IN),H01R,1
India (IN),G06F,5
India (IN),A47B,1
India (IN),A61Q,1
India (IN),F16D,1
India (IN),B61H,1
India (IN),C07K,1
India (IN),G01N,2
India (IN),H01L,1
India (IN),B60W,2
India (IN),H02K,1
India (IN),B62K,1
India (IN),A23L,1
India (IN),B60L,1
India (IN),B60B,1
India (IN),B03C,1
India (IN),C22B,1
United States (US),G16H,23
Singapore (SG),A61B,4
Singapore (SG),G16H,1
India (IN),C11D,1
United Kingdom (GB),B60C,1
United Kingdom (GB),B60B,1
India (IN),C12N,1
India (IN),B64G,1
Italy (IT),G06T,1
Japan (JP),B62K,1
Japan (JP),B60G,1
Japan (JP),G01D,2
Japan (JP),G01B,1
Japan (JP),F15B,1
Japan (JP),G01N,7
Japan (JP),F04C,1
Japan (JP),Y02P,2
Japan (JP),B23K,7
Japan (JP),H04B,3
Japan (JP),F04D,2
Japan (JP),F04B,1
Japan (JP),G09F,4
Japan (JP),G06F,16
Japan (JP),Artificial Intelligence,10
Japan (JP),G06N,5
Japan (JP),B60L,2
Japan (JP),C25D,1
Japan (JP),H05K,4
Japan (JP),H02K,4
Japan (JP),A47C,1
Japan (JP),A43B,1
Japan (JP),B62D,1
Japan (JP),B23Q,1
Japan (JP),G05B,1
Japan (JP),H01J,2
Japan (JP),H01R,2
Japan (JP),G09B,1
Japan (JP),H04W,5
Japan (JP),H01H,2
Japan (JP),H04L,7
Japan (JP),B65D,4
Japan (JP),A63B,1
Japan (JP),B21B,2
Japan (JP),C21D,5
Japan (JP),C22C,5
Japan (JP),B01J,1
Japan (JP),H10N,1
Japan (JP),B64U,1
Japan (JP),B65G,2
Japan (JP),F28D,2
Japan (JP),C08L,7
Japan (JP),B60C,3
Japan (JP),C08K,5
Singapore (SG),C11D,1
Singapore (SG),Y02A,1
Singapore (SG),B01D,5
Japan (JP),C11D,2
Japan (JP),Y02A,2
Japan (JP),H01B,2
Japan (JP),H01M,6
Japan (JP),H05B,2
Japan (JP),B23B,1
Japan (JP),G01J,1
Japan (JP),G09G,2
Japan (JP),G06V,1
Japan (JP),H10K,5
Japan (JP),B32B,5
Japan (JP),A61N,2
Japan (JP),C08C,1
Japan (JP),C07F,1
Japan (JP),H02M,1
Japan (JP),C08F,5
Japan (JP),C08G,6
Japan (JP),G06K,1
Japan (JP),F02M,1
Japan (JP),F02D,1
Japan (JP),D04B,1
Japan (JP),A41B,1
Japan (JP),D06M,2
Japan (JP),D03D,2
Japan (JP),B60R,2
Japan (JP),E02F,2
Japan (JP),G02F,2
Japan (JP),F21S,2
Japan (JP),G03F,4
Japan (JP),C09K,3
Japan (JP),H01G,1
Japan (JP),C09D,2
Japan (JP),H03L,1
Japan (JP),H03K,1
Switzerland (CH),C07F,1
Switzerland (CH),H10K,1
Switzerland (CH),C09K,1
Japan (JP),A01M,1
Japan (JP),G01M,1
Japan (JP),F21Y,1
Japan (JP),F21V,1
Japan (JP),C23G,1
Japan (JP),C01B,3
Japan (JP),C01F,1
Japan (JP),B82Y,1
Japan (JP),C01G,2
Japan (JP),C04B,2
Japan (JP),A23K,1
Japan (JP),A61K,5
Japan (JP),A61P,5
Japan (JP),A01K,2
Japan (JP),H04S,1
Japan (JP),G10K,1
Japan (JP),B22D,1
Japan (JP),G01L,1
Japan (JP),C12M,2
Japan (JP),C07K,4
Japan (JP),C03C,1
Japan (JP),C23C,1
Japan (JP),H03F,1
Japan (JP),A23L,1
Japan (JP),C12Q,1
Japan (JP),B21C,1
Japan (JP),H02G,1
Japan (JP),A61J,1
Japan (JP),G16H,1
Japan (JP),C08J,1
Japan (JP),H01F,2
Japan (JP),A45C,1
Japan (JP),A62B,1
South Korea (KR),H04L,49
South Korea (KR),H01R,7
South Korea (KR),H01Q,16
South Korea (KR),H05K,19
South Korea (KR),H01L,11
South Korea (KR),A61B,19
South Korea (KR),G10L,2
South Korea (KR),H04S,1
South Korea (KR),G02B,11
South Korea (KR),G03B,2
South Korea (KR),G09F,1
South Korea (KR),G06F,26
South Korea (KR),G02F,5
South Korea (KR),H04B,8
South Korea (KR),H01P,1
South Korea (KR),G06Q,14
South Korea (KR),G09G,2
South Korea (KR),G01R,11
South Korea (KR),B65G,4
South Korea (KR),C23C,3
South Korea (KR),B62J,1
South Korea (KR),B60W,3
South Korea (KR),A63B,3
South Korea (KR),H04W,70
South Korea (KR),H03M,1
South Korea (KR),G06T,13
South Korea (KR),H02S,2
South Korea (KR),C08F,4
South Korea (KR),C08K,5
South Korea (KR),C08L,7
South Korea (KR),F24F,5
South Korea (KR),F04D,1
South Korea (KR),G01K,1
South Korea (KR),B32B,1
South Korea (KR),B65D,4
South Korea (KR),A61K,17
South Korea (KR),A61P,15
South Korea (KR),F23N,1
South Korea (KR),G01M,1
South Korea (KR),F23D,1
South Korea (KR),E06B,2
South Korea (KR),G01N,15
South Korea (KR),E02F,1
South Korea (KR),B23K,2
South Korea (KR),G10K,1
South Korea (KR),A23P,1
South Korea (KR),A23L,3
South Korea (KR),D06F,10
South Korea (KR),D10B,1
South Korea (KR),F16J,2
South Korea (KR),D04H,3
South Korea (KR),G06K,2
South Korea (KR),A61M,1
South Korea (KR),F25D,9
South Korea (KR),G01J,2
South Korea (KR),F25B,1
South Korea (KR),D01D,1
South Korea (KR),B01D,3
South Korea (KR),A62D,1
South Korea (KR),A61N,5
South Korea (KR),B01F,1
South Korea (KR),B82Y,2
South Korea (KR),B01L,5
South Korea (KR),F16M,1
South Korea (KR),H04R,2
South Korea (KR),F21Y,1
South Korea (KR),F21V,1
South Korea (KR),C08G,6
South Korea (KR),H01F,2
South Korea (KR),B29C,1
South Korea (KR),B29L,1
South Korea (KR),G01C,1
South Korea (KR),F04C,2
South Korea (KR),F24C,1
South Korea (KR),G16H,10
South Korea (KR),C12Q,3
South Korea (KR),E05B,1
South Korea (KR),E05F,2
South Korea (KR),G06V,5
South Korea (KR),A61Q,2
South Korea (KR),G01S,3
South Korea (KR),A45D,1
South Korea (KR),F25C,1
South Korea (KR),C07K,3
South Korea (KR),C02F,1
South Korea (KR),H10K,5
South Korea (KR),A24F,2
South Korea (KR),G05B,2
South Korea (KR),C08J,3
South Korea (KR),C09K,3
South Korea (KR),C07D,3
South Korea (KR),H01H,2
South Korea (KR),C07C,1
South Korea (KR),B01J,1
South Korea (KR),A61H,2
South Korea (KR),A61F,1
South Korea (KR),Y02B,2
South Korea (KR),H05B,2
South Korea (KR),G16C,1
South Korea (KR),A45B,1
South Korea (KR),C25C,1
South Korea (KR),C12M,1
South Korea (KR),C12N,5
South Korea (KR),G16B,1
South Korea (KR),A41B,1
South Korea (KR),A41D,1
India (IN),H04L,7
South Korea (KR),G08C,1
South Korea (KR),G05D,2
South Korea (KR),G07C,2
South Korea (KR),B07C,1
South Korea (KR),G08B,3
South Korea (KR),A47L,1
South Korea (KR),B64F,1
South Korea (KR),B64U,1
South Korea (KR),H02H,1
South Korea (KR),H01G,2
South Korea (KR),G03F,1
South Korea (KR),G01B,1
South Korea (KR),B33Y,1
South Korea (KR),D02J,1
South Korea (KR),D06M,1
South Korea (KR),D02G,1
South Korea (KR),D01F,1
South Korea (KR),H04J,1
South Korea (KR),C12R,1
South Korea (KR),Y02D,4
South Korea (KR),C12P,1
South Korea (KR),B60L,3
South Korea (KR),B60G,1
South Korea (KR),C10N,1
South Korea (KR),F16C,1
South Korea (KR),C10M,1
South Korea (KR),B60B,1
South Korea (KR),H01B,1
South Korea (KR),H04M,1
Ethiopia (ET),C01P,1
Ethiopia (ET),C02F,1
Ethiopia (ET),C01B,1
Ethiopia (ET),B01J,1
Morocco (MA),C01P,1
Montenegro (ME),C07J,1
Montenegro (ME),A61K,1
Montenegro (ME),C07F,1
Montenegro (ME),F16C,1
Montenegro (ME),H02S,1
Montenegro (ME),F16H,1
Montenegro (ME),F16M,1
Montenegro (ME),F24S,1
Malaysia (MY),E04C,1
Malaysia (MY),E04B,1
The Netherlands (NL),A63B,1
The Netherlands (NL),G01S,2
The Netherlands (NL),H02S,1
The Netherlands (NL),Y02E,2
Belgium (BE),E02F,1
The Netherlands (NL),B62D,2
The Netherlands (NL),A01B,2
The Netherlands (NL),G01F,2
The Netherlands (NL),B23K,2
The Netherlands (NL),G06F,2
Norway (NO),Y02E,1
Norway (NO),F05B,1
Norway (NO),F03D,1
Norway (NO),A01G,1
Norway (NO),Y02A,1
Norway (NO),A01K,1
Poland (PL),C12C,1
Poland (PL),C12R,1
Russia (RU),A61B,2
Russia (RU),A61F,1
Sweden (SE),B60T,1
Sweden (SE),F16D,1
Finland (FI),H04W,4
Sweden (SE),H04B,8
Sweden (SE),E03C,1
Sweden (SE),E04H,1
Sweden (SE),A47K,1
Sweden (SE),A47L,1
Sweden (SE),C12Q,1
Sweden (SE),G01N,1
Sweden (SE),C12M,1
Sweden (SE),B65D,2
Singapore (SG),A01G,1
Singapore (SG),H01M,1
Singapore (SG),C10G,1
Singapore (SG),C25B,1
Singapore (SG),C07C,1
Sri Lanka (LK),A61F,1
Singapore (SG),C12Q,1
Turkiye (TR),C10K,1
Turkiye (TR),C10B,1
Turkiye (TR),A47C,2
Turkiye (TR),B64G,1
Ukraine (UA),B65D,1
Canada (CA),A61M,1
Norway (NO),H02J,1
United States (US),G01C,2
United States (US),B31D,1
Germany (DE),G01R,3
United States (US),F01N,5
Canada (CA),C02F,1
United States (US),E04H,1
United States (US),A47K,2
United States (US),F16M,2
Canada (CA),H03L,1
Ireland (IE),H02M,3
United States (US),H01J,12
United States (US),H01P,3
United States (US),G05B,4
United States (US),B08B,3
United States (US),C23C,10
Singapore (SG),H01L,1
Singapore (SG),G05D,1
Singapore (SG),C23C,1
United States (US),G05D,6
United States (US),B21C,1
United States (US),B23K,2
United States (US),A01G,4
United States (US),A61N,14
United States (US),A23J,3
United States (US),A47G,7
United States (US),A47F,2
United States (US),B25J,11
United States (US),E05B,2
United States (US),F26B,2
United States (US),G01M,1
United States (US),F02M,2
United States (US),G08G,2
United States (US),B60W,6
United States (US),C12Y,6
United States (US),E21B,18
United States (US),C08G,7
United States (US),C08K,15
United States (US),G11B,2
United States (US),C10M,4
United States (US),A46B,2
United States (US),B26D,1
United States (US),B25B,2
United States (US),C01G,2
United States (US),G21G,1
United States (US),C01P,1
United States (US),F15B,3
United States (US),F04C,1
Saudi Arabia (SA),C07C,1
Saudi Arabia (SA),C10G,3
United States (US),A24D,1
United States (US),A24C,1
United States (US),A24B,1
United States (US),F16C,2
United States (US),C10N,2
United States (US),F16D,3
United States (US),A61H,9
United States (US),G10G,1
United States (US),G01J,3
United States (US),A21C,2
United States (US),Y02T,2
United States (US),B60L,6
United Kingdom (GB),Y02T,2
India (IN),H02M,2
United Kingdom (GB),H02J,2
United States (US),H02J,11
United States (US),G01V,5
United States (US),C07C,3
United States (US),G07F,4
United States (US),G09F,2
United States (US),H05K,8
United States (US),G07C,2
United States (US),C07F,4
United States (US),H03H,3
United States (US),A23B,1
United States (US),A22C,1
United States (US),A23N,1
India (IN),C12M,1
United States (US),H03F,1
United States (US),G01F,3
United Kingdom (GB),E21B,5
United States (US),B62K,2
United States (US),G10L,6
United Kingdom (GB),G01V,2
United States (US),A63B,8
Estonia (EE),A61K,1
United States (US),G10K,2
United States (US),C05G,1
United States (US),C05D,1
United States (US),C01B,8
Canada (CA),C01G,1
Canada (CA),H01M,2
United States (US),F25B,2
United States (US),E05D,2
United States (US),E05Y,2
United States (US),F16H,3
United States (US),G09B,1
United States (US),F41A,5
United States (US),C22C,3
United States (US),H01S,4
United States (US),G21B,1
India (IN),H01Q,2
United States (US),H03K,2
United States (US),H02M,4
Switzerland (CH),B65B,1
United States (US),C22F,1
United States (US),B33Y,9
United States (US),B22F,4
United States (US),G16B,6
United States (US),G01R,13
United States (US),F24F,3
United States (US),F24D,1
United States (US),B29K,6
United States (US),C12M,7
Vatican City (VA),G01R,1
United States (US),B23Q,1
Singapore (SG),E21B,7
Singapore (SG),F04D,1
United States (US),C10G,3
India (IN),B65D,1
India (IN),A61B,5
United States (US),B65H,1
United States (US),F25J,4
United States (US),B60C,4
United States (US),F16L,5
Saudi Arabia (SA),G01N,1
Saudi Arabia (SA),C12Q,1
The Netherlands (NL),C12P,1
The Netherlands (NL),C12Y,1
United States (US),H02K,5
United States (US),B67C,1
India (IN),B06B,1
India (IN),H03K,1
United States (US),G06K,2
United States (US),C08C,1
United States (US),E01C,3
United States (US),C05C,1
United States (US),C05F,1
United States (US),F21K,1
United States (US),B05D,1
United States (US),F21Y,1
United States (US),F21V,1
Canada (CA),H01L,1
United States (US),F23M,2
United States (US),F05D,5
United States (US),F23R,3
United States (US),F02C,3
Iceland (IS),A61F,1
United States (US),H02S,4
India (IN),A61L,3
United States (US),C25D,2
United States (US),C25F,3
United States (US),C11D,2
United States (US),G16Z,1
United States (US),F16G,1
United States (US),A45F,2
United States (US),H01F,1
Saudi Arabia (SA),B01D,1
United States (US),C40B,2
United States (US),A63G,3
United States (US),H10B,6
United States (US),F04F,1
Saudi Arabia (SA),G05B,1
United States (US),B82Y,4
United States (US),G01Q,1
United States (US),C13B,1
United States (US),A61C,3
United States (US),A63F,6
United States (US),A45B,1
United States (US),C01D,2
United States (US),C01F,4
United States (US),B23H,1
Spain (ES),C12Q,1
United States (US),C03C,2
United States (US),B60M,1
India (IN),G01R,1
United States (US),B65F,1
United States (US),D06B,1
United States (US),D06M,1
Canada (CA),Y02P,1
Canada (CA),C25C,1
United States (US),C25C,1
Costa Rica (CR),A61F,1
Costa Rica (CR),A61B,1
United States (US),B61D,2
United States (US),B62M,2
United States (US),B62H,1
United States (US),B62J,1
United States (US),A63C,1
Australia (AU),C07K,2
United States (US),H10N,3
United States (US),A47C,6
United States (US),A62C,2
Brazil (BR),E21B,2
United States (US),A61J,2
United States (US),H04Q,1
United States (US),B09B,2
United States (US),Y02W,2
United States (US),A43C,2
United States (US),C07H,1
United States (US),B01F,2
United States (US),F02K,2
United States (US),H01B,1
United States (US),F03G,2
United States (US),B41J,5
United States (US),B27B,1
United States (US),B62D,6
United States (US),B29B,1
United States (US),B09C,1
United States (US),E02B,1
United States (US),G08B,6
India (IN),G02B,1
Italy (IT),G01N,2
Italy (IT),C12Q,1
United States (US),A41F,1
United States (US),A41C,1
United States (US),F01K,3
United States (US),G21D,2
United States (US),F04B,4
Austria (AT),A44C,1
Austria (AT),B23B,1
Austria (AT),B21F,1
Austria (AT),B22D,1
Austria (AT),B21K,1
Austria (AT),B23P,1
Austria (AT),B22F,1
Austria (AT),C22C,1
Austria (AT),B21C,1
Austria (AT),B23C,1
Austria (AT),B29C,2
Germany (DE),G03B,1
Germany (DE),F16M,2
Austria (AT),G03B,1
Austria (AT),F16M,1
Austria (AT),E01C,1
Austria (AT),E04H,1
Austria (AT),A63C,1
Austria (AT),C08H,1
Austria (AT),D21C,1
Austria (AT),C07G,1
Austria (AT),H01R,1
Austria (AT),H02G,1
Austria (AT),H05K,1
Austria (AT),F16L,1
Austria (AT),H01B,1
Australia (AU),A61J,1
Australia (AU),B65B,1
Australia (AU),G01N,1
Australia (AU),C12Q,1
Australia (AU),B01L,1
Australia (AU),A61H,1
Australia (AU),H04N,2
Australia (AU),G06N,2
Australia (AU),Artificial Intelligence,5
Australia (AU),G06T,2
Australia (AU),E04H,3
Australia (AU),A62B,1
Australia (AU),A41D,1
Australia (AU),A61L,1
Australia (AU),A47J,1
Australia (AU),H01L,1
Australia (AU),G06F,4
Australia (AU),H04L,2
Australia (AU),B65D,1
Australia (AU),F24F,1
Australia (AU),A62C,1
Australia (AU),B63C,1
Australia (AU),B65G,1
Australia (AU),G01V,1
Australia (AU),G06Q,1
Australia (AU),E21C,1
Australia (AU),C12N,1
Australia (AU),B29L,1
Australia (AU),F21S,1
Australia (AU),B29C,1
Australia (AU),F41A,1
Australia (AU),E04B,1
Australia (AU),E04F,1
Australia (AU),E04G,1
Australia (AU),E04C,1
Bulgaria (BG),G01T,1
Canada (CA),A63B,1
Canada (CA),B23C,1
Canada (CA),B25J,1
Canada (CA),C07K,1
United States (US),A45D,2
China (CN),G05F,2
China (CN),C25D,1
Hong Kong (HK),A45D,1
Hong Kong (HK),H02J,1
Hong Kong (HK),H01M,1
Hong Kong (HK),H02G,1
Hong Kong (HK),Y02E,1
China (CN),G01F,1
China (CN),B60B,1
China (CN),C01D,1
China (CN),B02C,1
China (CN),B82Y,3
China (CN),Y02C,1
China (CN),G06E,1
China (CN),G01K,1
China (CN),G07C,2
China (CN),F21L,1
China (CN),B25C,1
China (CN),B21H,1
China (CN),B21F,1
China (CN),G08B,1
Hong Kong (HK),G06T,1
Hong Kong (HK),A61F,1
China (CN),F22B,1
China (CN),F22D,1
United States (US),D06F,2
United States (US),G11C,7
Sweden (SE),B60K,1
Sweden (SE),B60W,1
China (CN),F01D,1
China (CN),B21J,1
Czechia (CZ),H02K,3
Czechia (CZ),C12N,1
Germany (DE),A63B,1
Germany (DE),F16H,6
Germany (DE),F16C,1
Germany (DE),G01B,2
Germany (DE),B60C,2
Slovakia (SK),B60C,1
Germany (DE),F24B,1
Germany (DE),B05B,2
Switzerland (CH),F23N,1
Switzerland (CH),F23C,1
Ireland (IE),H04M,1
Ireland (IE),H04L,1
Italy (IT),H04W,2
Sweden (SE),G01S,2
Austria (AT),B33Y,1
Germany (DE),H02K,7
Germany (DE),F25B,2
Estonia (EE),G10D,1
Estonia (EE),G10C,1
Sweden (SE),G01C,2
South Korea (KR),C09J,2
South Korea (KR),C09D,1
Singapore (SG),G06N,1
Singapore (SG),Artificial Intelligence,1
Singapore (SG),B29B,1
Singapore (SG),G06V,1
Hungary (HU),G06N,1
Hungary (HU),Artificial Intelligence,1
Switzerland (CH),H02M,1
Germany (DE),G01C,4
Germany (DE),E05B,1
Germany (DE),D21G,2
Germany (DE),D21H,1
Germany (DE),B05C,1
Germany (DE),A61C,2
Germany (DE),F05D,1
Germany (DE),F01D,1
Germany (DE),B25B,2
Germany (DE),F23C,1
Germany (DE),F23N,1
Germany (DE),G08C,2
Denmark (DK),H02P,1
Portugal (PT),F03D,1
Portugal (PT),H02P,1
United Kingdom (GB),F03D,1
United Kingdom (GB),H02P,1
Germany (DE),B60H,2
Austria (AT),A43B,1
Austria (AT),A43C,1
Germany (DE),G05G,1
The Netherlands (NL),G03F,4
The Netherlands (NL),H01L,4
Austria (AT),H02K,1
Switzerland (CH),H01M,1
Germany (DE),H01R,3
Germany (DE),B41F,3
Germany (DE),B41P,2
Germany (DE),G01M,2
Germany (DE),B23B,1
The Netherlands (NL),A47J,1
The Netherlands (NL),G01D,1
The Netherlands (NL),D06F,2
Italy (IT),A63B,2
Switzerland (CH),E03C,1
Germany (DE),H02H,2
Germany (DE),H02M,3
Poland (PL),F28D,1
Poland (PL),F28F,1
Germany (DE),B25F,3
Germany (DE),B25D,4
Switzerland (CH),B25D,1
Germany (DE),C12M,1
Germany (DE),B60Q,2
Germany (DE),G01P,1
Germany (DE),G10K,1
Germany (DE),F16F,1
Germany (DE),B60Y,4
Poland (PL),H04W,1
United Kingdom (GB),B27K,1
Germany (DE),C21B,1
Germany (DE),C21C,1
Belgium (BE),B60W,1
Belgium (BE),G06F,2
Belgium (BE),G05B,1
Belgium (BE),H03M,1
Belgium (BE),H04N,2
The Netherlands (NL),H03M,1
The Netherlands (NL),H04N,1
Germany (DE),D06F,1
Norway (NO),A01B,1
Germany (DE),B60J,2
Switzerland (CH),B33Y,1
Spain (ES),B64F,1
India (IN),B60Y,2
India (IN),G06V,2
India (IN),B60Q,1
Germany (DE),G07C,2
United Kingdom (GB),G02B,3
The Netherlands (NL),H05K,3
Germany (DE),H01G,1
France (FR),G01V,3
Germany (DE),A61J,1
Germany (DE),A61N,2
Belgium (BE),A61N,1
Austria (AT),H04B,3
France (FR),Y02T,1
Belgium (BE),F02M,1
Belgium (BE),Y02T,1
France (FR),B02C,1
France (FR),B23H,1
Denmark (DK),A63H,1
Germany (DE),C12P,2
Germany (DE),C12R,2
Austria (AT),G06K,1
Germany (DE),G01H,1
The Netherlands (NL),H04S,1
The Netherlands (NL),G10L,1
Germany (DE),B26B,1
Germany (DE),C10L,1
Germany (DE),C01G,1
Germany (DE),C01P,1
The Netherlands (NL),B06B,1
Belgium (BE),E06B,2
France (FR),F02D,4
Denmark (DK),A62B,1
Denmark (DK),B63B,1
Denmark (DK),E04G,1
Denmark (DK),E06C,1
Germany (DE),B60G,1
Germany (DE),G21F,1
Germany (DE),B64U,2
Germany (DE),B64D,4
Germany (DE),G07G,1
Germany (DE),A47F,1
Germany (DE),G07F,1
Belgium (BE),A01P,1
The Netherlands (NL),A61M,2
Portugal (PT),A61M,1
Sweden (SE),B62J,1
Germany (DE),B63H,1
United Kingdom (GB),A62B,3
United Kingdom (GB),A63B,3
Germany (DE),H04M,1
Germany (DE),C07F,1
Switzerland (CH),A24D,1
The Netherlands (NL),H05B,5
France (FR),B24B,1
Germany (DE),F16K,1
Sweden (SE),A61P,4
Sweden (SE),C07D,4
Germany (DE),B27N,1
Czechia (CZ),G01J,1
Czechia (CZ),B60K,1
Czechia (CZ),G01N,1
Sweden (SE),G03F,1
Belgium (BE),C10K,1
Austria (AT),A41D,1
Switzerland (CH),H05K,1
Germany (DE),B81B,2
Germany (DE),H03H,1
Denmark (DK),C01B,2
Germany (DE),B23P,1
Germany (DE),B23K,1
The Netherlands (NL),H02M,1
Germany (DE),H01S,1
Germany (DE),G07D,1
Brazil (BR),A01N,1
Belgium (BE),B29L,1
Switzerland (CH),A23C,1
Germany (DE),G09B,1
Belgium (BE),A61F,1
Denmark (DK),E02F,1
United Kingdom (GB),G01N,10
Montenegro (ME),A63B,1
Austria (AT),G08B,1
Spain (ES),A61L,2
Spain (ES),B05B,1
Italy (IT),A61L,1
Italy (IT),B05B,1
Switzerland (CH),B42D,1
Germany (DE),A61M,2
The Netherlands (NL),C07C,1
Germany (DE),B24B,1
Norway (NO),C12Q,1
Germany (DE),B31F,1
United Arab Emirates (AE),A23L,1
United Arab Emirates (AE),A21D,2
Belgium (BE),A23L,1
Belgium (BE),A21D,2
Belgium (BE),A23P,1
United Arab Emirates (AE),A23P,1
Germany (DE),A47B,1
Denmark (DK),B29C,1
Denmark (DK),B33Y,1
Denmark (DK),B29K,1
Italy (IT),C08G,2
Italy (IT),C10N,3
Italy (IT),C10M,3
The Netherlands (NL),A61P,1
The Netherlands (NL),A23L,1
United Kingdom (GB),A01C,1
Italy (IT),C12N,2
Germany (DE),D01H,1
United States (US),H10K,2
Germany (DE),G03F,2
Denmark (DK),A61F,1
Spain (ES),G06N,1
Spain (ES),G21K,1
Germany (DE),B22D,2
Greece (GR),G06T,1
Greece (GR),G06V,1
Greece (GR),A01K,1
Greece (GR),Artificial Intelligence,1
Belgium (BE),C23C,1
Belgium (BE),H01J,1
United Kingdom (GB),H01H,1
Romania (RO),B26F,1
Romania (RO),B26D,1
Romania (RO),G05B,1
Romania (RO),G06Q,1
Germany (DE),A61H,1
Sweden (SE),F23Q,1
Sweden (SE),F23D,1
Finland (FI),F23Q,1
Finland (FI),F23D,1
Germany (DE),B28B,1
Germany (DE),E04G,1
Germany (DE),C25D,1
Denmark (DK),D06F,1
Spain (ES),G01M,1
Sweden (SE),H01B,1
Sweden (SE),C08K,1
United Kingdom (GB),B60N,1
Spain (ES),A41D,1
Spain (ES),D04B,1
Spain (ES),D10B,1
Germany (DE),B64C,2
Germany (DE),G09G,1
Italy (IT),C01B,3
Sweden (SE),G02B,1
Norway (NO),B63B,1
Norway (NO),B63J,1
Norway (NO),B63G,1
United Kingdom (GB),H05B,1
United Kingdom (GB),B62B,1
Spain (ES),B65D,1
Denmark (DK),C10K,1
Denmark (DK),C10J,1
Denmark (DK),C10B,1
Germany (DE),G05D,1
Denmark (DK),B60C,1
Belgium (BE),A61Q,1
Switzerland (CH),G02B,1
Sweden (SE),A61F,1
Germany (DE),C22C,1
Germany (DE),C21D,1
United Kingdom (GB),B01L,2
Spain (ES),Y02A,1
Spain (ES),B21C,1
Spain (ES),B21D,1
Spain (ES),B41M,1
Spain (ES),C09D,1
Spain (ES),C03C,1
Italy (IT),B41M,1
Italy (IT),C09D,1
Italy (IT),C03C,1
Spain (ES),F24S,1
Spain (ES),F28D,1
Spain (ES),C04B,1
Spain (ES),H02J,1
Finland (FI),G16Y,1
Finland (FI),G06Q,1
Finland (FI),E01H,1
Finland (FI),A63C,1
Finland (FI),H02K,1
Finland (FI),F16C,1
Finland (FI),B65B,1
Finland (FI),C09D,1
Finland (FI),D21H,3
Finland (FI),G06V,1
Finland (FI),G06T,1
Finland (FI),G01J,1
Finland (FI),Artificial Intelligence,1
Finland (FI),G08B,1
Finland (FI),C22B,1
Romania (RO),H02K,1
Morocco (MA),F02D,1
Germany (DE),F02D,2
France (FR),B23D,1
France (FR),B28B,1
France (FR),B64U,1
France (FR),B64F,1
France (FR),G01B,1
France (FR),H01G,1
France (FR),D06N,1
United Kingdom (GB),B65H,3
United Kingdom (GB),C10G,1
United Kingdom (GB),C10K,1
United Kingdom (GB),C10J,1
United Kingdom (GB),F42B,1
United Kingdom (GB),G01D,1
United Kingdom (GB),G01B,1
United Kingdom (GB),H02G,1
United Kingdom (GB),E03F,1
United Kingdom (GB),C12Y,1
United Kingdom (GB),B25B,2
United Kingdom (GB),B24B,2
United Kingdom (GB),B23Q,1
United Kingdom (GB),B03C,1
United Kingdom (GB),B01D,1
United Kingdom (GB),G01F,1
United Kingdom (GB),G01M,1
United Kingdom (GB),B60S,1
United Kingdom (GB),H02H,1
United Kingdom (GB),A61H,1
United Kingdom (GB),B42D,1
United Kingdom (GB),G10H,1
Greece (GR),C09B,1
Greece (GR),G01N,1
United Kingdom (GB),C09B,1
United Kingdom (GB),A01G,3
United Kingdom (GB),Y02P,1
United Kingdom (GB),C12P,2
United Kingdom (GB),F24H,1
United Kingdom (GB),F24D,1
United Kingdom (GB),B33Y,1
United Kingdom (GB),B22F,1
United Kingdom (GB),B29C,1
United Kingdom (GB),B25H,1
United Kingdom (GB),G06V,1
United Kingdom (GB),C08L,1
United Kingdom (GB),C08G,1
United Kingdom (GB),E04F,1
United Kingdom (GB),H01L,1
United States (US),C09J,2
United Kingdom (GB),B32B,1
United Kingdom (GB),C09J,1
United Kingdom (GB),A63F,1
United Kingdom (GB),B09B,1
United Kingdom (GB),G06Q,3
United Kingdom (GB),C12Q,2
United Kingdom (GB),B64G,2
United Kingdom (GB),C12M,1
United Kingdom (GB),G16C,1
Croatia (HR),A61B,1
Croatia (HR),A61K,1
Croatia (HR),A61M,1
Croatia (HR),A61F,1
United Arab Emirates (AE),A61M,1
Cyprus (CY),B01J,1
Cyprus (CY),H05B,1
Cyprus (CY),A24D,7
Cyprus (CY),A24F,7
Italy (IT),B65F,1
Lithuania (LT),F24F,1
United States (US),A01C,2
United States (US),A01B,2
Italy (IT),H03F,1
South Africa (ZA),A23B,1
South Africa (ZA),A01P,2
South Africa (ZA),B32B,2
South Africa (ZA),A23L,1
South Africa (ZA),A01N,2
South Africa (ZA),B65B,1
South Africa (ZA),B65D,1
Italy (IT),D04B,1
Italy (IT),H01H,1
Sweden (SE),H04J,1
Canada (CA),H04J,1
Hungary (HU),C07D,1
Hungary (HU),A61P,1
United Kingdom (GB),C25D,1
United Kingdom (GB),F16B,1
United Kingdom (GB),B21J,1
Italy (IT),E03F,1
Italy (IT),B01D,2
Italy (IT),A23G,1
Egypt (EG),A01G,1
Egypt (EG),A01K,1
United Kingdom (GB),A01K,1
United States (US),C04B,1
Italy (IT),E02D,1
Morocco (MA),A61B,1
Greece (GR),H04B,1
United Kingdom (GB),C01F,1
United Kingdom (GB),C01D,1
Italy (IT),F04D,1
Italy (IT),G06Q,1
United Kingdom (GB),H02K,1
Canada (CA),G01F,1
Canada (CA),A01N,1
Israel (IL),C12M,1
Italy (IT),E05B,1
Italy (IT),F41A,1
Italy (IT),B60C,1
Italy (IT),B29D,1
Italy (IT),G09B,1
Israel (IL),C02F,1
Israel (IL),B01D,1
Germany (DE),A46B,1
Germany (DE),B02C,2
Denmark (DK),B02C,2
Italy (IT),F02B,1
Italy (IT),F02F,1
Germany (DE),D07B,1
Italy (IT),A47J,1
Italy (IT),G21B,1
Montenegro (ME),C08G,1
Montenegro (ME),C09D,1
Montenegro (ME),C08F,1
Canada (CA),H01J,1
Canada (CA),C12Q,1
United Kingdom (GB),A23B,1
Italy (IT),G16B,1
Switzerland (CH),G11B,1
Switzerland (CH),G08B,1
Switzerland (CH),G06Q,1
Switzerland (CH),C12Y,1
Italy (IT),A23N,1
Italy (IT),H04N,1
Italy (IT),G03B,1
Italy (IT),B08B,1
Italy (IT),F16D,1
Italy (IT),B01J,3
Switzerland (CH),A01H,1
Italy (IT),A61C,1
South Africa (ZA),B01J,2
South Africa (ZA),C01B,2
Montenegro (ME),B01J,2
Montenegro (ME),C01B,2
Italy (IT),E01F,1
Italy (IT),B32B,2
United Arab Emirates (AE),H01R,1
Finland (FI),H04B,1
Italy (IT),A47B,1
Italy (IT),B61L,1
Romania (RO),A61B,1
Romania (RO),A61M,1
Italy (IT),A01P,1
Italy (IT),A01N,1
Australia (AU),A01P,1
Australia (AU),A01N,1
Cyprus (CY),B65G,1
Cyprus (CY),B65D,1
United Arab Emirates (AE),B65G,1
United Arab Emirates (AE),B65D,1
Israel (IL),A61Q,1
Israel (IL),G06F,1
Israel (IL),A01C,1
Israel (IL),A01B,1
Israel (IL),G05D,1
Israel (IL),C12Q,1
India (IN),B60K,1
Italy (IT),B33Y,1
Italy (IT),B65H,1
Japan (JP),Y02W,1
South Korea (KR),A01K,1
The Netherlands (NL),C02F,1
The Netherlands (NL),H02K,1
The Netherlands (NL),F16D,1
The Netherlands (NL),B64C,1
United Kingdom (GB),G01H,1
Norway (NO),G08G,1
New Zealand (NZ),A63B,1
Poland (PL),H10K,1
Croatia (HR),F24S,1
Croatia (HR),H01L,1
Croatia (HR),H02S,1
Poland (PL),C12Q,1
Poland (PL),A23N,1
Poland (PL),A01K,1
Poland (PL),A01F,1
Poland (PL),B03C,1
Poland (PL),B01F,1
Sweden (SE),A47B,1
Sweden (SE),G16C,1
Sweden (SE),G16B,1
Sweden (SE),F01M,1
Sweden (SE),F16J,1
Sweden (SE),E04F,1
Sweden (SE),E04B,1
Singapore (SG),A61M,1
Turkiye (TR),E05C,4
United States (US),B60Y,3
United States (US),B60K,3
United States (US),B60T,2
India (IN),A61F,1
United States (US),F16F,1
United States (US),D21H,1
United States (US),D21C,3
United States (US),G01L,1
United States (US),G01B,2
United Kingdom (GB),H01R,1
United States (US),A24F,1
United States (US),F16J,2
Ireland (IE),A61L,1
Ireland (IE),C25F,1
The Netherlands (NL),C08J,1
The Netherlands (NL),C08G,1
Argentina (AR),G01R,1
Peru (PE),D10B,1
Peru (PE),D06P,1
United States (US),G16C,4
United States (US),F03C,1
United States (US),H01R,7
United Kingdom (GB),F16C,1
United Kingdom (GB),F16J,1
United States (US),F28D,1
Ireland (IE),A61N,1
United States (US),A23P,1
Japan (JP),H10B,1
United States (US),C25B,2
United States (US),A44B,1
United States (US),G06E,1
India (IN),E21B,1
United States (US),B25D,1
United States (US),E02F,2
United States (US),F28C,1
India (IN),A45D,2
United States (US),F23G,1
United States (US),F23C,1
Russia (RU),F01N,1
United States (US),F41C,1
United States (US),F41G,2
United States (US),H01G,1
India (IN),A61J,1
India (IN),G07F,1
India (IN),G16H,1
United States (US),F24C,2
Australia (AU),G06V,2
United States (US),D06P,5
United States (US),D05C,3
United States (US),D06N,6
United States (US),B60P,1
United States (US),F24S,2
United Kingdom (GB),B26B,5
United Kingdom (GB),F16F,2
Belgium (BE),C11D,4
Italy (IT),A61B,1
United States (US),E03F,1
United States (US),F16B,1
Belgium (BE),B25B,1
Belgium (BE),F16B,1
Switzerland (CH),B25B,1
Switzerland (CH),F16B,1
United States (US),C09B,1
France (FR),C12Y,1
France (FR),Y02W,1
United States (US),B68G,2
Canada (CA),A01C,1
Canada (CA),A01B,1
United States (US),H03D,2
United States (US),H03L,2
Australia (AU),H03D,2
Australia (AU),H03L,2
United States (US),Y02C,1
United States (US),F42D,1
United States (US),F05B,4
United States (US),F03B,3
United States (US),F41H,2
United States (US),E01F,1
United States (US),B64C,5
Italy (IT),G11C,1
Saudi Arabia (SA),B01J,1
United States (US),A43B,2
United States (US),B25F,1
United States (US),B63B,1
United States (US),B63J,1
United States (US),B63H,1
United States (US),C21C,1
United States (US),C22B,1
United States (US),C21B,1
Hong Kong (HK),A61L,1
Canada (CA),A61L,1
United States (US),B31B,1
United States (US),B60N,1
Canada (CA),G02B,1
United States (US),H02G,2
United States (US),B24D,1
United States (US),B24B,2
United States (US),B67D,1
United States (US),G21C,1
United States (US),F01D,1
United States (US),C03B,1
Russia (RU),G16B,1
Russia (RU),G16H,1
Russia (RU),C12Q,1
Cyprus (CY),G16B,1
Cyprus (CY),G16H,1
Cyprus (CY),C12Q,1
Armenia (AM),G16B,1
Armenia (AM),G16H,1
Armenia (AM),C12Q,1
Estonia (EE),C08K,1
Estonia (EE),A01P,1
Estonia (EE),C02F,1
Estonia (EE),A01N,1
United States (US),A23C,1
United States (US),E06B,1
United States (US),F27B,1
Finland (FI),G06F,1
Israel (IL),F03B,1
Israel (IL),F05B,1
Israel (IL),F03D,1
United States (US),F03D,2
United States (US),B65B,1
Panama (PA),C12N,1
Panama (PA),A01K,1
Panama (PA),C07K,1
Panama (PA),A61K,1
Panama (PA),C12Y,1
United States (US),B07B,1
Germany (DE),C12Q,1
Germany (DE),G16B,1
United States (US),B25G,1
United States (US),A01D,1
United States (US),E01H,1
United States (US),G07G,2
